partition,selection_rank,relative_path,selection_sha256
reference,1,pcb1/Data/Images/Normal/0246.JPG,007867ea7b23d4307462292b698a26411956788a35765bbe99a729e60e711046
reference,2,pcb1/Data/Images/Normal/0704.JPG,015b88df2c46a56d6181aabf9f970d43e09544edcf8282e60c625896e9eaca45
reference,3,pcb1/Data/Images/Normal/0440.JPG,01e4d0a90cb59316321a505a660dfba3c2552db6397d698d96cf7647d4ee4689
reference,4,pcb1/Data/Images/Normal/0927.JPG,02023844c1b832acd20ede9de0d346eefa4f38da4d8023a6007a9ccf5edc28bf
reference,5,pcb1/Data/Images/Normal/0546.JPG,020a9788ea4a50f21839c87668c3fa9f9671d4242a743adca7f01678eb1c04b6
reference,6,pcb1/Data/Images/Normal/0966.JPG,021191e332978798c342c247f9715bdbf82d578037c9ab236999be6003d51fc5
reference,7,pcb1/Data/Images/Normal/0420.JPG,022f8fbb3c8c2e93a89aa55599049fd2e060db6ecaf6b8240842c99c41ea8428
reference,8,pcb1/Data/Images/Normal/0014.JPG,026e65fb55d9bde12e3c1d9e8278728988fccf6303b95b0e6eea986124b3fa98
reference,9,pcb1/Data/Images/Normal/0331.JPG,02f1e60d2dd6f12ad20903b2f21689dbcbe124db7d88367718df8c87c06f00fd
reference,10,pcb1/Data/Images/Normal/0795.JPG,031551b56b2381fe3f399156409f9e4c7e71d4bd76e70272a20bc7c1dd7ea2ab
reference,11,pcb1/Data/Images/Normal/0635.JPG,0346ad4737427b2ef1829455f15ebca624e421b329e33b7813cbc2f6c3369c9e
reference,12,pcb1/Data/Images/Normal/0217.JPG,03879bc5599a5e742cccf5522be384ec606f260b212082a603a795af77d5f2ae
reference,13,pcb1/Data/Images/Normal/0572.JPG,03b950aa92638de6ce008b67a182456f2dc13e5254468b1e00e2058909043339
reference,14,pcb1/Data/Images/Normal/0895.JPG,03ce4c9eb52b10bd2ca52388cec68a07fb0bf6da0682cb169e498ddc2f2f65b9
reference,15,pcb1/Data/Images/Normal/0256.JPG,03d0021ed2f8fed4903bf4e4d12025fb15f116f256a6f4f63a2e643c5e5a75ef
reference,16,pcb1/Data/Images/Normal/0023.JPG,04b880f14a8b691802130162612f38c274a4ce5744288c93deb06838dcb8b0e7
reference,17,pcb1/Data/Images/Normal/0961.JPG,04c3271af695d3a506906907e7ae329045c70ed3a742632ba0ddacfdf65f4844
reference,18,pcb1/Data/Images/Normal/0307.JPG,04e351b9bb848669f82fb06a276f259a48e0bde8efaf2714c94f230ee2f63f74
reference,19,pcb1/Data/Images/Normal/0078.JPG,0522565e4eb7a2b644f2357bed7896486d9bec0abe3754e434d6bcf4da1ca214
reference,20,pcb1/Data/Images/Normal/0105.JPG,056c2b93788a789093f6551447db9a1798c2504c10781f949f41a37f2200d871
calibration,21,pcb1/Data/Images/Normal/0587.JPG,05cba502617ba3a6ab784b34062378ee7b7aa83f902af294007ae8a9ecbcd481
calibration,22,pcb1/Data/Images/Normal/0177.JPG,061553413969742293baa7eca3e6facfe1ba240669549b4e8caa23bd2862a910
calibration,23,pcb1/Data/Images/Normal/0096.JPG,06322223f9823234c282d667d5fc8c86a88a6c61d009a14266cd95bb1bd8cbaf
calibration,24,pcb1/Data/Images/Normal/0537.JPG,067713a6872a4affc61b513c416ff426f3df1aa115c401460aca4719c3f13511
calibration,25,pcb1/Data/Images/Normal/0926.JPG,06c086646a301307c39cf0f0335b9bb80a9d4ca2f30445fe56304aede8ffd920
calibration,26,pcb1/Data/Images/Normal/0773.JPG,06fdfcc1cb254b58e0bf977a7a34d6b705ca59f3559b199c09a8552d7db8ccf0
calibration,27,pcb1/Data/Images/Normal/0588.JPG,0707859063fa92c5980559bccb6fe094d005dfe15bdeae8f1b27d024e157053f
calibration,28,pcb1/Data/Images/Normal/0270.JPG,07201bd6194cf8d0bf4e8d3b2c043451b2790ac1dd15c4c14e98dcbeeaba2628
calibration,29,pcb1/Data/Images/Normal/0495.JPG,07d7828c37c19fc9b3276d06603c45598379fa07f6dd9aecf22b75f55786db02
calibration,30,pcb1/Data/Images/Normal/0254.JPG,08288da5e2e16f09f2a908d3ca441a64e72762c4e5820fe66fe972a37cbe6ec9
calibration,31,pcb1/Data/Images/Normal/0609.JPG,08a2c670697ae7e6670b7c2164cfb492ce99e0a5c3501dfd509b9198448155eb
calibration,32,pcb1/Data/Images/Normal/0120.JPG,091e3191669a02d27799a8d0732ce2eae1bccf2b0c21ca89c4f5624fe12a7619
calibration,33,pcb1/Data/Images/Normal/0806.JPG,0950ed8ad860d97bac9000e5956a2b50abb43969ec5086e2c9310b81007c321e
calibration,34,pcb1/Data/Images/Normal/0672.JPG,0a0b9d4e561a57d3f1103b0771ce0c5dcc410e6120a02855ac4a15b74a13c88f
calibration,35,pcb1/Data/Images/Normal/0907.JPG,0a2bf69d5c5b1c04b03fad03cd7c49884ba9351c86e3d18ee1896e46f8c6273d
calibration,36,pcb1/Data/Images/Normal/0625.JPG,0a961699d5350542aa48c2379ec718c228c4d954a6ce4b9f8915ef2c4c8e9922
calibration,37,pcb1/Data/Images/Normal/0292.JPG,0aa70a3cd0cbf6ba929cfa5b714e32be6b4d18b00a7b90ece47adba2fad99f31
calibration,38,pcb1/Data/Images/Normal/0057.JPG,0ac396edc8e8cd94199cd19d7b5ae40da6f59607827c80465e64d59d51500218
calibration,39,pcb1/Data/Images/Normal/0413.JPG,0b6a0ed8ff95d869093df243c6b7a81b4ee38abcf28540ae62d5c64e905f939a
calibration,40,pcb1/Data/Images/Normal/0281.JPG,0bae3336a4db128115a2a524e29f0b9fddeea573e0201b1b52a3bb923652c5ab
calibration,41,pcb1/Data/Images/Normal/0574.JPG,0bbb5100067947954ea395bdeeed87632c87f4338d3394a18d975b6b636c9513
calibration,42,pcb1/Data/Images/Normal/0150.JPG,0bdb0beb37ffb1cda227ad4163676a16372a16304c7694ec0553b8c0c8f53abc
calibration,43,pcb1/Data/Images/Normal/0266.JPG,0c63c91f5a4113d86f2c91b163c9c2a67291f9a5620a4b37a20f45fa56d867d9
calibration,44,pcb1/Data/Images/Normal/0853.JPG,0d3aca0f8e6141f080b58baffca5252da4e4e3ca96786c2055d4869f62bd5ec5
calibration,45,pcb1/Data/Images/Normal/0742.JPG,0d8eb28802bdad0826e5fbb9889a800f9f706b7dba6dfd811ee9e93271767eae
calibration,46,pcb1/Data/Images/Normal/0094.JPG,0e5cc610701aea97a266f9db591c7c37d2493c85411f228b294fa624c4f32560
calibration,47,pcb1/Data/Images/Normal/0436.JPG,0e7e50d278be349dd877b46f04b8944899c6874102bdc4abf3d56c4b80b970d1
calibration,48,pcb1/Data/Images/Normal/0104.JPG,0e959d111e7cde570a44b7c327b830748721aa2ed862e8b42f49df88fc547303
calibration,49,pcb1/Data/Images/Normal/0891.JPG,0ed354bb250980647d825d51c57c44c059597ab98c06a8975c3ec4c4c76038f7
calibration,50,pcb1/Data/Images/Normal/0262.JPG,0f615046bc8aa56905703562497c197490c194304bd58d69112db51a96a5bb30
calibration,51,pcb1/Data/Images/Normal/0424.JPG,0f6ec709f9bf40c8a6b267cc07713576bcc147783900049fc442be13893c00eb
calibration,52,pcb1/Data/Images/Normal/0863.JPG,0fdd6511ea6dbabe727724f367bc23c60666c87c4ad08208878d97bdf469941f
calibration,53,pcb1/Data/Images/Normal/0713.JPG,1035363b24bdafdd27677147ba04c171c4618b95e7873f4c110c03ec284f29d9
calibration,54,pcb1/Data/Images/Normal/0641.JPG,107b2830df19f048288371adcdc6592eae07d915f290524c2d522ea1b7f103ed
calibration,55,pcb1/Data/Images/Normal/0637.JPG,1086e9aa4abc97b1aa1bd6188f8cc8be8debfa9903c8a2fb4d50921fbfd4eac6
calibration,56,pcb1/Data/Images/Normal/0462.JPG,10a2cba953ef16b5678296ae3bfe66372e2972a6b90e75bbb99cc8641e98e734
calibration,57,pcb1/Data/Images/Normal/0265.JPG,10bdc961ba2e2b7b1b14ee3fb0d4b17b8498b0021a3570a96dbe271da5d7462f
calibration,58,pcb1/Data/Images/Normal/0874.JPG,10f960333fe461ff32ab5418c6943afb9d763b6a0a6fb71d24b8f6cf3771a099
calibration,59,pcb1/Data/Images/Normal/0102.JPG,11047a1402116c7db5d862cf40cc9cb7d794ea11bd2ecabde09e36847276afcb
calibration,60,pcb1/Data/Images/Normal/0738.JPG,1140d8d1ca4806531cc5330aecd6a5bd8727de850ee765e0b377b15a6a7c88af
calibration,61,pcb1/Data/Images/Normal/0793.JPG,11c5b50ecc606d1e2e47d9e1132b9d729376725efbd719799a2c535f6c18fde4
calibration,62,pcb1/Data/Images/Normal/0958.JPG,11cebf021dfa57da3fa8e5cd7d16f9cc5b38bf32324817794729da0f981f3501
calibration,63,pcb1/Data/Images/Normal/0374.JPG,1221ca98f6439969723ae07329834e3460121a70e6d6498bcb103ca754b7342a
calibration,64,pcb1/Data/Images/Normal/0842.JPG,128a8e56a88ab7edafc2f79f3283c4f114e94d93a97cdf2c711c402fb9744a37
calibration,65,pcb1/Data/Images/Normal/0134.JPG,12ae57593ff87978526706bb9c18e2e783ea13ef2cf45712dc84617c2039d10f
calibration,66,pcb1/Data/Images/Normal/0883.JPG,134bb8fceb521c1e475a45b3742338f9c3d4b3c86d0152daec181c3e355d7c9d
calibration,67,pcb1/Data/Images/Normal/0073.JPG,1362f906da2251bd9057353910250c23886111ef7e47831f54bd5bb91a74be1d
calibration,68,pcb1/Data/Images/Normal/0218.JPG,13ab0a62f461c49ddc8aeb8951f224bda74971827a73f60f7eb1ef234a51ffd6
calibration,69,pcb1/Data/Images/Normal/0049.JPG,13b3c9816ae138cda16dcf8aba4965d5095e061da43a5ef730affc5a5164d9d6
calibration,70,pcb1/Data/Images/Normal/0757.JPG,13e8052f111c18f44691b39dd60d29887f8c1a1b332bf9ba433890918543d027
calibration,71,pcb1/Data/Images/Normal/0862.JPG,13f2cd858931c60cede0867414c31985c85f8240e409a93cf74788c50e6d2acd
calibration,72,pcb1/Data/Images/Normal/0963.JPG,1410a97c71ede165316aa75e0c99363489c484143648e55cd06afd2a0bc0513c
calibration,73,pcb1/Data/Images/Normal/0422.JPG,141595c629e9981cc2e9f8916e36004047d34cede8a788b02fcab233e79c2f32
calibration,74,pcb1/Data/Images/Normal/0077.JPG,143f201b4257f292d9fd05792c5a6582ef9e3c5dad8845c38fce44f6a3cd13b5
calibration,75,pcb1/Data/Images/Normal/0906.JPG,14a0505c4ab8a63a5dc4116af25f47876e9411591fac91f5d16caabe63204585
calibration,76,pcb1/Data/Images/Normal/0472.JPG,15204e58de7b0a46a98adb29f5572519fa925c5df1b704c4aea0c7d354a81ed5
calibration,77,pcb1/Data/Images/Normal/0293.JPG,1547d6a7c2fbb1510b56fdbac1dcb84b6a902c6d75fe68fd316ad3d1d756669c
calibration,78,pcb1/Data/Images/Normal/0391.JPG,159a10079b5fcd56004d90a3540b46fcd21bec6e2371c43e7d67400e592cd940
calibration,79,pcb1/Data/Images/Normal/0145.JPG,15d976d90bae1b9bc132ae4a35f1681ac07c06482253ad76ddd89d85de623d32
calibration,80,pcb1/Data/Images/Normal/0085.JPG,165ffb08b23a89d1fa7869471ea47a03b9ea006d6e4b5d6b1db9b122ca4d1d3e
calibration,81,pcb1/Data/Images/Normal/0652.JPG,16a95852f1722d2eeac41597d50686f5ba704bd3d45d8bf973c53b389a24a67b
calibration,82,pcb1/Data/Images/Normal/0790.JPG,16e0ee1253e66e3b28a3b6587efe5c9b7e39136415c00bdaae949c12cc82f38c
calibration,83,pcb1/Data/Images/Normal/0948.JPG,17ca5c777404dfd46881c9453123715fa8d5646a207199e36e3b42749a947777
calibration,84,pcb1/Data/Images/Normal/0976.JPG,17f45b22cb10673da11b826dd0b9b31550f3c4248bec393329db93267fd3af91
calibration,85,pcb1/Data/Images/Normal/0367.JPG,1856dc0882ef13149ea785e8eb3a1ffafe8aedb5600dd3635bc119334d69e9c8
calibration,86,pcb1/Data/Images/Normal/0277.JPG,18b35b604acd10114ffe9a34dd3e4a51ca77478049b7ba6eea8af81a0815bf09
calibration,87,pcb1/Data/Images/Normal/0404.JPG,18fe05629401203bd1efa24dc4db1c03ab54189d271b37e021b17a2b04433a4a
calibration,88,pcb1/Data/Images/Normal/0799.JPG,1903a81850a7bae5233b885f7661b668bdf011a9cdecbd3fd88bae2dfef2c64a
calibration,89,pcb1/Data/Images/Normal/0070.JPG,19051bb3b40173fa44cb71e22a7ec3d7c68f61b7b258f9036f37c29667478330
calibration,90,pcb1/Data/Images/Normal/0065.JPG,1922c9298dc1374530b9c90aa20aa34e71027fa7e4ee366f703b7ef47d20636c
calibration,91,pcb1/Data/Images/Normal/0860.JPG,19c9796d249b0466b1e8e97c02c433d11549960c9f4620e5a961e212983e39a2
calibration,92,pcb1/Data/Images/Normal/0318.JPG,1a1821bf0ff48fe4e7866a3827c6766b9c500a6a821e12f64846383eb8a9f71f
calibration,93,pcb1/Data/Images/Normal/0123.JPG,1a35f55e164539bf148da08d8c10054ee3b64b9c530150a14dd8982d342f635b
calibration,94,pcb1/Data/Images/Normal/0946.JPG,1a551d70e63322cea896589067361d403b897545084a76c579a0002b57716501
calibration,95,pcb1/Data/Images/Normal/0131.JPG,1a594a2966f44254d455c767db6497e0b2ae1e68c2fc7d4c3c19ba7a3ae86dfa
calibration,96,pcb1/Data/Images/Normal/0953.JPG,1a7fabc2f0b64312ea5fada6ecb8d39fc0a739685d5ff4a2662a175ed849a4e8
calibration,97,pcb1/Data/Images/Normal/0774.JPG,1aa79dbeb4f014ff97a159c19ab4afb8dccaadfc89b4502d68d4244f3f5cdf96
calibration,98,pcb1/Data/Images/Normal/0042.JPG,1b00c4db30dce564628312db4b3b07085a5a3c8df1c490cb34ac533e224aabbd
calibration,99,pcb1/Data/Images/Normal/0603.JPG,1b18982743648865f547edd2c284d03b2bded9f4c4d9260b0e9fd5013fc4a96d
calibration,100,pcb1/Data/Images/Normal/0511.JPG,1bf7730033ea0c04bd8229845e952565566a2737b7d73b3a026139aa14a2ef33
calibration,101,pcb1/Data/Images/Normal/0289.JPG,1c27ddcb2f2fa0abfe66c4c58690b02727390f3fad98fc3f229d17f45f4e1b33
calibration,102,pcb1/Data/Images/Normal/0059.JPG,1c51bdf2db7aa26f3d0b73d000c6786bf44f4e4f01441309a131bcbc345b371f
calibration,103,pcb1/Data/Images/Normal/0056.JPG,1c51cddd7d1b30c4129eaf6298d7039f8fb28323d21616aece894c8b817cec6b
calibration,104,pcb1/Data/Images/Normal/0530.JPG,1cce09bda4598fbf70359f3834db53dda262c08322a0678b9c8506adb8f25a4b
calibration,105,pcb1/Data/Images/Normal/0938.JPG,1d03b0e968bece47515b8faf1abf1914f41a4b2ba68789d5f4cc7ad7ef07c61b
calibration,106,pcb1/Data/Images/Normal/0487.JPG,1d072f18a3678144de77d3fac8fbedb7e3cc4a89ac4ea6e5a883d75476a1d45d
calibration,107,pcb1/Data/Images/Normal/0683.JPG,1d30ec8d86247751107fbe4ac5e3f7cbd94d4bc623664f133dad6d53681c323e
calibration,108,pcb1/Data/Images/Normal/0181.JPG,1d8724d0b09d9a72bc682183e9e7d3d0380133e48dde0778faae0c5c587a423d
calibration,109,pcb1/Data/Images/Normal/0531.JPG,1d99676aa6113f27bd6156ce819692fd642c7b347536fab25d63857510198a04
calibration,110,pcb1/Data/Images/Normal/0020.JPG,1de28bfb3614f1866ef500b7f4a25fd5e75eea3d52553763a3c77de29a8e8174
calibration,111,pcb1/Data/Images/Normal/0777.JPG,1e9cbc7de27fa4fdfd809100ca421ad485453d89538ddc00c723aea167db1989
calibration,112,pcb1/Data/Images/Normal/0540.JPG,1ea01778c6372ec6823386a6e9123852ffec0dc20438248f627a56af33b5be52
calibration,113,pcb1/Data/Images/Normal/0846.JPG,1efc69a327b6afa2e49222585a822eaf2d47a5fbafafb82792b3e7770952348d
calibration,114,pcb1/Data/Images/Normal/0183.JPG,1f0a8d2dd25bd22bd20742757b6a7bd604897ab3b42ce6a46aee13e25212b7ab
calibration,115,pcb1/Data/Images/Normal/0064.JPG,1f5e8ddde29eb88091c1a36b8feae0909b30f9d4d642ece4388769766c11c7ad
calibration,116,pcb1/Data/Images/Normal/0597.JPG,1fd70ae7ecf9f970cacdbe8b22591957727c7967fa6f7b24f764d941dc8c9ecc
calibration,117,pcb1/Data/Images/Normal/0590.JPG,20a1cd82cee1741e7f5038c8f086414de24e001c5635be49084f12e056ed1910
calibration,118,pcb1/Data/Images/Normal/0752.JPG,20d77f3ead327af68b2a199aab05178710f5e6330ac1f9edc8427838c33b4e04
calibration,119,pcb1/Data/Images/Normal/0610.JPG,20f858c7487588a211fa9393f0f62cfc762527bef29b0bde11795f30e31c6e0c
calibration,120,pcb1/Data/Images/Normal/0736.JPG,21237e9cbfb86f15f549c4d1b4fe9f08bd5975aa24cb19b4975a82dd09c00604
calibration,121,pcb1/Data/Images/Normal/0931.JPG,221d9142a28ad988bedc074a1e2609b239a31afb2fe5d8c92a948cdc0c6cc7f8
calibration,122,pcb1/Data/Images/Normal/0661.JPG,223690497966bf35e4e9b308d12298bcf4f40fb359acdf8b59b7d07c3ba1a40e
calibration,123,pcb1/Data/Images/Normal/0001.JPG,223846de23466787c457b4b34262a1189c0b3f1eb619682e00ae6eb1c1f4e1b0
calibration,124,pcb1/Data/Images/Normal/0761.JPG,2321595679c0fbcd2960838c4c17c807eb4b6138fa8513e75dfbc356aebdc4da
calibration,125,pcb1/Data/Images/Normal/0232.JPG,237a0cdcb5825464833258762cfc37677fbc2db7009b35094a3b993e750ef5f5
calibration,126,pcb1/Data/Images/Normal/0017.JPG,239563e378a853fbcff086fb47f2ff9984f5f0e681dd4a983c87b7a3e5cdb8eb
calibration,127,pcb1/Data/Images/Normal/0691.JPG,239cb2d772a15e02d5eb7536e0bf4d97b9b6fcd739ca949ba579042e7154e675
calibration,128,pcb1/Data/Images/Normal/0240.JPG,23a0ef00fc1a0da50ee0c03b11a1b039172c6d359dfd3afe40eec2236a0157bb
calibration,129,pcb1/Data/Images/Normal/0216.JPG,23a4d9c83ff4d29103dc18d348096836c2eaafce760f67800b28ddf30bb39359
calibration,130,pcb1/Data/Images/Normal/0428.JPG,23cb11b558f667da62bd4c640192e5f6e6ba9597b9f83a1f44dc851dc90c8b94
calibration,131,pcb1/Data/Images/Normal/0627.JPG,23d3089602a5fe39278c39969e34b11de7368746f10abcb8ba88086e8c67c7c5
calibration,132,pcb1/Data/Images/Normal/0166.JPG,23d65ff1e851f975b56315f6a0c87d3013c636164bdff966a1095deaeda3d14b
calibration,133,pcb1/Data/Images/Normal/0305.JPG,241ec4d70b21b61ad68ab7cef664fcb1d8dcea8e738ad32f3e385c0885d1dda5
calibration,134,pcb1/Data/Images/Normal/0408.JPG,24c66e484a91abf6f90d48811340998378dc9518d1508284dc02e306f181f982
calibration,135,pcb1/Data/Images/Normal/0875.JPG,2579cae7b11234d0549ce901a4a3363dc55709218f846ac4e475225515337d36
calibration,136,pcb1/Data/Images/Normal/0817.JPG,25be0a40a4ceb221426f1d3c3107ac3942e8d188665fc52ce51c422e76627abc
calibration,137,pcb1/Data/Images/Normal/0146.JPG,260bd1132f016473ce3c70b641e79b23315e3a6745413583221481cad9aec3c7
calibration,138,pcb1/Data/Images/Normal/0033.JPG,2614ddcea8afde333d8f2a3818db34f829992cb5fe3b22c2d633ecca1d9ab1f5
calibration,139,pcb1/Data/Images/Normal/0939.JPG,26771e3b31b3a95692e6ccccb5046b4c24354a3bb1ac2b75641f81ec7a7c16f6
calibration,140,pcb1/Data/Images/Normal/0335.JPG,26dadb0decc36f321c03909ebcb9e4ca4a40c6b761a368e5a5b9b8dc2c99930a
calibration,141,pcb1/Data/Images/Normal/0579.JPG,26e667de16458a546c3837d99522e58fb42ba86a3f264ca7e99204b782282958
calibration,142,pcb1/Data/Images/Normal/0372.JPG,2753c6023353a152854b785f8f3f84bc4cb634d17d6f88491b9d6a36109a7b54
calibration,143,pcb1/Data/Images/Normal/0673.JPG,27cf637d6ba0e0da579787326afa81e689b0c51a6fdc13d1fd0a1d9f67204577
calibration,144,pcb1/Data/Images/Normal/0890.JPG,28c7c1f9ca6c819b2ec67fcb74a92f17364e84e913649c8fc3f1246dd3c076de
calibration,145,pcb1/Data/Images/Normal/0373.JPG,29388c6d86a2216672bcc946972b75557e9f7bd60b6ee9ea7063ff45ef8add3e
calibration,146,pcb1/Data/Images/Normal/0464.JPG,2970e3fc37685018fad80a3a72ac43516db98a29a7fda8491f394343857244e9
calibration,147,pcb1/Data/Images/Normal/0242.JPG,29725027474af1c39311264dbc6f874851107c2920295e29a440ac0ef4b64e4e
calibration,148,pcb1/Data/Images/Normal/0496.JPG,297f9e5eaf9dbb96b4e39dc6f3ef67b6f054c2ba87cb973c93589b3682f6a50c
calibration,149,pcb1/Data/Images/Normal/0158.JPG,29b895e2af77c1c66e6d2e2d0c928d7014b8e8d732ace65193187524578e987c
calibration,150,pcb1/Data/Images/Normal/0854.JPG,29e28030a4284c709f5e1cd1a858d4249f71377711c4c67d2609515b2a1a1d77
calibration,151,pcb1/Data/Images/Normal/0282.JPG,2a60d4d9f0042c5ddde25be961b93dcf6190fb9cc86da72505aacc3fafa323a6
calibration,152,pcb1/Data/Images/Normal/0450.JPG,2b0574f1ae466f80d0b0fb4e71a865d6ccedc96154a2c8956693a8946bae23f5
calibration,153,pcb1/Data/Images/Normal/0758.JPG,2ba34cc46a9d84a8a9224e533825e1610d0df866a15baa8de1c0ad5b2e25d3ff
calibration,154,pcb1/Data/Images/Normal/0036.JPG,2c15a5a8108b5bf25399925f616f20c73a1adb1ef5f926646f54370fbc94f65c
calibration,155,pcb1/Data/Images/Normal/0399.JPG,2cf187337113125a6111a40cdd145b28bfb105e430515eb46d49a8c59b8cb834
calibration,156,pcb1/Data/Images/Normal/0283.JPG,2d3645e483494dac3c59dd62bd599a0f14345b65aa15251b625c8da5d34f1688
calibration,157,pcb1/Data/Images/Normal/0445.JPG,2d9d083b604a3fb0f32427d1a7cdd486401e05eac7cb8eb6f9b06f561c66a9a3
calibration,158,pcb1/Data/Images/Normal/0220.JPG,2e20cb704a9e8e668b65a2cbe2a09ffdd9ab8609658b4ec8b978707cd0c65cca
calibration,159,pcb1/Data/Images/Normal/0553.JPG,305616e61a50d559cf569f4fc53a1a813215a614b51623fb3adbaa2a659e1bd2
calibration,160,pcb1/Data/Images/Normal/0781.JPG,3073eb141e32794f6cc111927574ddfd42021ff1918f340cd06cfb0c8f62171c
calibration,161,pcb1/Data/Images/Normal/0992.JPG,3117d4b0090dfa77268bb068b4c7330ef38444d522abda15d81f16ceafb876c1
calibration,162,pcb1/Data/Images/Normal/0154.JPG,313937a9682b5677cb117cf7376c5568d6d2a5f87c8202964aa685c2e4dcbc11
calibration,163,pcb1/Data/Images/Normal/0624.JPG,314b63af2ab3ce7f47da35ec4a55c7a96dc2fdd3ef636e41408570d05bd7af9e
calibration,164,pcb1/Data/Images/Normal/0573.JPG,31564a9776d54b800b76b69bf3cd9667a735e4ee6a3477c921c59b13d1c0211f
calibration,165,pcb1/Data/Images/Normal/0067.JPG,31b0bd5b5f1a2feaea41da66669c9624d0974f8c7715e52ac4705d70199b0371
calibration,166,pcb1/Data/Images/Normal/0850.JPG,31f5b2068d45a83fdf16e19af69d57c9014fc80988d737ba2692ce3f21647bba
calibration,167,pcb1/Data/Images/Normal/0855.JPG,31f6d827f58d3b13338c725efc77396f9c09ad4f6a51f6ddf515769ce098a13d
calibration,168,pcb1/Data/Images/Normal/0809.JPG,3220f904f4ca88bb9f58faf24bf1cf06863841987d0be0e526a19544b9346ac2
calibration,169,pcb1/Data/Images/Normal/0252.JPG,3258ce3d617877ba7ae710af025cd7c0d91614972fae71caedba51424fd0b6a1
calibration,170,pcb1/Data/Images/Normal/0563.JPG,329b7764dc3cf0c658eeb4c9d5f63890225e76e66b00f85eb9a7f42ae6686da9
calibration,171,pcb1/Data/Images/Normal/0760.JPG,32da6844d498cd3ea86b0c1897934d12b83fe1bf93db2848a07a36cacaded174
calibration,172,pcb1/Data/Images/Normal/0714.JPG,336876d718a1348abcd43d7e41b51b910ec633c2544f97285422682d8aaa238d
calibration,173,pcb1/Data/Images/Normal/0153.JPG,33aad6934eee46c9cded3e5812253887ac80d1288f385e6cd91dac9663282c6d
calibration,174,pcb1/Data/Images/Normal/0933.JPG,33ddff84c0204756a829e673169ba744f96528acb93604359dce6fefa44c67f8
calibration,175,pcb1/Data/Images/Normal/0748.JPG,33f77373a0a4be2db1cef252bf93e17f4a5fdce8d2dd7bab1fb9be8d15496884
calibration,176,pcb1/Data/Images/Normal/0532.JPG,342f740e5a4ce6df178d71a67b060a3c6755f53f213a9383dc53cbd083f074eb
calibration,177,pcb1/Data/Images/Normal/0053.JPG,3451250d130583d6228448942fbd7569d81fd4013fcf080caba375acc0ec0639
calibration,178,pcb1/Data/Images/Normal/0859.JPG,34573ab34dd401075283d6164939a29b23df5bf5b844b43bcf8a606f6f33e9f1
calibration,179,pcb1/Data/Images/Normal/0670.JPG,34585fe0c6613d25a295ad5604fa426c90aebfc14e0a83845326bf8c05ff5b05
calibration,180,pcb1/Data/Images/Normal/0783.JPG,34ba4d61b9ab6be21b4178b41f378fabde1a635cb169a9fef47469c0f94f87af
calibration,181,pcb1/Data/Images/Normal/0015.JPG,3503111558c69e7c02666a9d30b1cf44b51e376ce566dca146208c8805db3dcc
calibration,182,pcb1/Data/Images/Normal/0580.JPG,352c5419261448825325772e0a506ee28e77a915532bc059efb070fef970b677
calibration,183,pcb1/Data/Images/Normal/0767.JPG,35c0383cf55fbca3ca0138bff51835a5b6ba39795324d05171cee720246d949d
calibration,184,pcb1/Data/Images/Normal/0829.JPG,35cc189be7d4a528f9d632d4c4e9e3b402f75017cb94bbc6723351c60668a5bf
calibration,185,pcb1/Data/Images/Normal/0334.JPG,35e46527655756884da44fcb836e644016e6b4cb812742af43a1473408a5ea91
calibration,186,pcb1/Data/Images/Normal/0650.JPG,363afa20f045a7198be06551123d473340929760b8c03dba1a03acd2f786d2f8
calibration,187,pcb1/Data/Images/Normal/0687.JPG,3661c7fa3c395330d8da6ed3de4e76284db503d801962e59cf92fae3c8cb0eb5
calibration,188,pcb1/Data/Images/Normal/0439.JPG,3661cba6499396ef2041a793e9c5f32481d837ebd36765e7f0a68ae266876cf6
calibration,189,pcb1/Data/Images/Normal/0877.JPG,36b27c8a7d425952f443833fb07a874f0ac52f579f7b4fbe50f1faf793a701b2
calibration,190,pcb1/Data/Images/Normal/0194.JPG,36faa3dfa7360ebc9c560563ed0fa9a5bdd1c1b6d2207db87f168c9793e05b44
calibration,191,pcb1/Data/Images/Normal/0965.JPG,371b418cb9d703c485680144706926f4102d82576852b3722456655130bd3233
calibration,192,pcb1/Data/Images/Normal/0480.JPG,373c3ed8cb65c77b11fc41b03765df0ad4d5c5d0601a687e1c7c65d7eba98e9f
calibration,193,pcb1/Data/Images/Normal/0272.JPG,378e477e52456370a655113cf5f39a85d62bf933970c8968f65afdd6073c66bb
calibration,194,pcb1/Data/Images/Normal/0441.JPG,37f5bf97ea93b095bac7d329ea153a144d5863ca9d009ca24a6328b89f441a94
calibration,195,pcb1/Data/Images/Normal/0106.JPG,3899bb684a59c1a7dfeabbf62b0cc305e4873b701f84738289588107fe76a80f
calibration,196,pcb1/Data/Images/Normal/0193.JPG,390b64c4f2ff13a79db21a6eac4d8251ed1314f54001992625cbd51c57c7a7a0
calibration,197,pcb1/Data/Images/Normal/0986.JPG,39797569abeb65a9c2f25b6bcd480f2c22e8c29e4280414fbdd3ea7df8f80bc6
calibration,198,pcb1/Data/Images/Normal/0843.JPG,398934b2299a6c35e50fe4f9d8d2ed23f8b211d6e7599d5436591ebba2c7678e
calibration,199,pcb1/Data/Images/Normal/0969.JPG,39ccd3a59439147c54ca9bc1224ef4130a83417c75fd5b8e8373d1ac25e09ab8
calibration,200,pcb1/Data/Images/Normal/0820.JPG,3a443c2f02f6f8cfd653b2b03763a5343c3c641a2053f1aae0e8faf12a7d14a8
calibration,201,pcb1/Data/Images/Normal/0677.JPG,3a84280c07b42e7c40f453c48b61c790b4b0e5464a1b7bbfd5341ed99486fdcd
calibration,202,pcb1/Data/Images/Normal/0596.JPG,3a876ac91aa5f19bb501ca737de0fcf0a396b52b05a818b1b57d9909b6ab99b2
calibration,203,pcb1/Data/Images/Normal/0021.JPG,3b00e5298312d8cba9899c90f71c1f2d8cc2ed6b3b7931e5bf4f04df4d2f8c0f
calibration,204,pcb1/Data/Images/Normal/0497.JPG,3b3496858c21a68eb52ab8772584e6bdfbb4c17bfaee7cb8c7ac2dda2922d3f8
calibration,205,pcb1/Data/Images/Normal/0115.JPG,3b41aa2650d06c1933607265b24e40c2e1426047b44dfb601485cbc80ac7a56f
calibration,206,pcb1/Data/Images/Normal/0430.JPG,3bf59ff5141de632b14a257d96e51de988b62e3f7069baefad1455664cd18f78
calibration,207,pcb1/Data/Images/Normal/0141.JPG,3c79ae854bd58d9d772ac2dccdadf5405f5e5c5ef2a95235a3ccd66968235721
calibration,208,pcb1/Data/Images/Normal/0386.JPG,3ce5779d14b9deed3441553752f63f5fcdd423ed1fc587008cb0df84c0da7dc5
calibration,209,pcb1/Data/Images/Normal/0186.JPG,3d5681a08dee25aa4e4df5181f3440b2041268ee17c69ad58d0915845e403c51
calibration,210,pcb1/Data/Images/Normal/0269.JPG,3d9b0b8389b049ce28b7a7202468f79d86ffe6929e41385672c9628e5e548409
calibration,211,pcb1/Data/Images/Normal/0921.JPG,3d9d7c746195d7d57aee24b78d645de419aa814c86731af189556d7f4303d33c
calibration,212,pcb1/Data/Images/Normal/0656.JPG,3e37c111a61eb6a004f78981e092329f4820570744534bd2c4fb46c8e77e1a41
calibration,213,pcb1/Data/Images/Normal/0620.JPG,3ebf0de62d0a0e484ea569b2fa206780d65524d57654a197d2f672776f68a187
calibration,214,pcb1/Data/Images/Normal/0304.JPG,3eceaa10b55a8cb075e0c3094b0a0fe62a20b8ae9b951a885e24a9e0cb7e2030
calibration,215,pcb1/Data/Images/Normal/0693.JPG,3ee4aa080ab83401dd0d262151b71c5128cb21c5d5dd91e36c852511de7f0eef
calibration,216,pcb1/Data/Images/Normal/0162.JPG,3f5e3559e4d59f259d215726d13d4e0ca5f3018a369fe8d5fca7ffc894a729a8
calibration,217,pcb1/Data/Images/Normal/0833.JPG,4017b8dbc533f09d93a2f6a0b4ac9e259b32697a89478cf7eeb5166b2ef02572
calibration,218,pcb1/Data/Images/Normal/0309.JPG,402c2182c0535e5eb4ce1589a44be062c2c0213815770f81f39f4bd736750d68
calibration,219,pcb1/Data/Images/Normal/0613.JPG,4042d9b229c145da79dd95943bea17c05f184115ad51598178fee26d7125add6
calibration,220,pcb1/Data/Images/Normal/0357.JPG,404ea9276a2ce3b39abc4d30a7b12bce0c8ab89e0075d921b13c8c0892efae91
calibration,221,pcb1/Data/Images/Normal/0345.JPG,40662fc43d0c092cdd7b514e0678313730da3650b8f6fc9b832a992df5c64449
calibration,222,pcb1/Data/Images/Normal/0905.JPG,40e4421ac8b7c4ee4425f96bcb880feed83531aba49be1f49791215c15f1fd8c
calibration,223,pcb1/Data/Images/Normal/0655.JPG,41f2461a01d7fd029386a1e3a84a0fc1e4f58ec98cb96b861283d4ba82cf981c
calibration,224,pcb1/Data/Images/Normal/0878.JPG,4227a42a804368b7e2aee6ecff515cdaf962a7af4be887811dc9c7c5a5620a25
calibration,225,pcb1/Data/Images/Normal/0190.JPG,4347a8c68769a298a717ae0385e0076f9ee94d68cf0b71d72a59ce2496a5b8c1
calibration,226,pcb1/Data/Images/Normal/0412.JPG,43a2d78bb6da3641aa5449852a358333e724e4428f1ccb7164dc3fb84b6bdca4
calibration,227,pcb1/Data/Images/Normal/0975.JPG,43a4d3e7165d2c14357f65d3195ef3d6ab6f5cdaa7fed78efc5146ac997f819a
calibration,228,pcb1/Data/Images/Normal/0856.JPG,43c822640972adac636585f086a94b1c927af0a36ab57390e978d128d5bc2b83
calibration,229,pcb1/Data/Images/Normal/0112.JPG,454880a80ff706a97d5d4dd0632264efd0112366d9fa4d2724556235078b6d69
calibration,230,pcb1/Data/Images/Normal/0062.JPG,461c2293186b1d459c660a641a049d06e838f9b43164f8b74ca699e561a8efa9
calibration,231,pcb1/Data/Images/Normal/0711.JPG,46eb4d6a8dea64ae8fdbc4528fd84e67b868a897715f9e07797bef5dcd26d702
calibration,232,pcb1/Data/Images/Normal/0063.JPG,474ee7b3c96f9b0d667f7e94b8170374f602fa2e31bd9d732baa4c5e2d7bd6dc
calibration,233,pcb1/Data/Images/Normal/0322.JPG,47c11d7236cc67048dee2de2fd9cb865956c41bfe1417a56692b153d2d6dee23
calibration,234,pcb1/Data/Images/Normal/0601.JPG,47c44d81da6f26ddd40221381ebebb75553aa919ef8ae876ac7ea4f9e95875b6
calibration,235,pcb1/Data/Images/Normal/0628.JPG,48094df322a94fb726ce96731ef789cc290df04a8657d8dbb7cc9766dcd5cd1c
calibration,236,pcb1/Data/Images/Normal/0025.JPG,485dcab9afc918821a4c0dd607a5ae9531447ff9a2c00e1adc22a287b1c7547f
calibration,237,pcb1/Data/Images/Normal/0047.JPG,489059d2c1d4fbc659ffb7f67a729d99aeb800c1b67fc2088bc0b4913e736a07
calibration,238,pcb1/Data/Images/Normal/0338.JPG,48b2fc8836baac2fe7f614383d48bc3093dc2a110d1a1553821344dcbceef876
calibration,239,pcb1/Data/Images/Normal/0119.JPG,48c7a56f0f6e809607a39ae636353ef6e078a76e15b7b36de9cdce7856b10d4f
calibration,240,pcb1/Data/Images/Normal/0482.JPG,48e5eecaf826e4d7a931912903f49a2323613c650624d3eb2da2b2360bb84255
calibration,241,pcb1/Data/Images/Normal/0124.JPG,491f9a9f5c2c3720e73ea7fb1d3a8bb72a884d5f58d83cf84e3e93e2de3d2176
calibration,242,pcb1/Data/Images/Normal/0847.JPG,4922190a2fb8148f7be6e8f2eebac407f0a9f0d3c25d8a2d9d89c684a5f87426
calibration,243,pcb1/Data/Images/Normal/0144.JPG,496dbce776e6afcde5f9315a86726e7b2d33774d282bb18fecd485a22fe488f4
calibration,244,pcb1/Data/Images/Normal/0197.JPG,4a01b9153c9013b4f0b78ea28a07122691802e5eb79c13cefa45d2edb75b9ed2
calibration,245,pcb1/Data/Images/Normal/0741.JPG,4a4712ee952297d9fa59d5fd77f7417cedac049b379a4d33712ce17dfa42643c
calibration,246,pcb1/Data/Images/Normal/0719.JPG,4a6fa0060d564237c01b4f28bfbe4ba84cb886b7d91e4fe2a3ca80e598f8b0b9
calibration,247,pcb1/Data/Images/Normal/0165.JPG,4b05ee702a92a805aaa16c5afdfe23cbd6325ec8f789989188ff2a91a662e602
calibration,248,pcb1/Data/Images/Normal/0814.JPG,4b0765e2d6830cce97856a0825fa49cdff2af6075b588c7501233e15bb9b5c59
calibration,249,pcb1/Data/Images/Normal/0925.JPG,4b28819c2a6728e13e8361980d8f73ac5aee308d14fddbc62e1e23cdc67127e8
calibration,250,pcb1/Data/Images/Normal/0148.JPG,4b32c98b8a5b03d6c468e8e8e8e8b2addade4697254d5496a197e206cc69e17a
calibration,251,pcb1/Data/Images/Normal/0347.JPG,4b34846e45177d1e7a596515b3e8218c764a26e74988f643c3fffa1d252bb1fc
calibration,252,pcb1/Data/Images/Normal/0329.JPG,4b3acb8620922f7fa2e383280eeeeb488ef00bd123973515ced4e2445256fe85
calibration,253,pcb1/Data/Images/Normal/0807.JPG,4bafe371ec230678dcb8c6daa3f993c3894c0c09877ba26fc51a61569a69196e
calibration,254,pcb1/Data/Images/Normal/0371.JPG,4bc5b3194809024445f3bcf159cc06711bceafe353adef958fc2167f72b130df
calibration,255,pcb1/Data/Images/Normal/0173.JPG,4bcd6f4d746cb2aa7c400a22258121cbc5d1b16ac4157ab98e893d6bbad2c965
calibration,256,pcb1/Data/Images/Normal/0000.JPG,4c0b053ba437245c821496b36b27986a4b5a0b308a6c6e66024c99cad73e56dd
calibration,257,pcb1/Data/Images/Normal/0818.JPG,4c0e0310b459b33892283ec9dde23775012d766e1f102f53c7346a220c5f61ca
calibration,258,pcb1/Data/Images/Normal/0985.JPG,4ccf5f58a2603276d286a16e3ae13a948fa5a308ee4447b99a367dfda369960f
calibration,259,pcb1/Data/Images/Normal/0840.JPG,4cdeda9422ed79c87fefcdd323111063aa09444388466958bd861eaed59bdf3c
calibration,260,pcb1/Data/Images/Normal/0746.JPG,4de13f4d007a9678c6ac5e15c031dc77cb45a5d32ad8cce76a10b30d66a9321b
calibration,261,pcb1/Data/Images/Normal/0426.JPG,4e10617ed478beeb18c8103b450ec3898e6f6fa11d1886ed6dee80250e267dee
calibration,262,pcb1/Data/Images/Normal/0644.JPG,4eae4a2c0a2ed40d5dd95cab9724608726eec6f831cc2ada50b4be6c76f78092
calibration,263,pcb1/Data/Images/Normal/0924.JPG,4ec8087a3efff5b48290352a0b1995b237ad2758281669f59580e744ca9343a3
calibration,264,pcb1/Data/Images/Normal/0803.JPG,4eebe6330750f1ef76980694ee82c8ed76f2e1d03449fe02de3a77e361f9a2e2
calibration,265,pcb1/Data/Images/Normal/0471.JPG,4f32d6aef9549391ee65eebd5591dadfc382eff6ad96aa18d8c51254c6aa9f26
calibration,266,pcb1/Data/Images/Normal/0608.JPG,4f464b99d133e5543c58186f7f8ee61ea1240991150d366a806cf18be9f8e72d
calibration,267,pcb1/Data/Images/Normal/0560.JPG,4f7dafb81f9460f5aa991d0f4f24f0dc50c4d7eb0db8f71e44ed1d609458b85b
calibration,268,pcb1/Data/Images/Normal/0416.JPG,4f927967093c1e15575afe6a767d3851961256fbf687852647d969fbd1d78040
calibration,269,pcb1/Data/Images/Normal/0189.JPG,4f9c1b44ecb4dc7dffe7fe7964023aa3d80203bad74a00549cb7a63bf08b3cd1
calibration,270,pcb1/Data/Images/Normal/0913.JPG,4fa9d0fb777a5bd6e75fe339230a2acdab4775e9a3ce8c7d91454492bec744c6
calibration,271,pcb1/Data/Images/Normal/0444.JPG,5030cea4dfc0a6ea0ab3f7a5ca3a8afa5cff953de8d6127f7bfdf639ea6f1694
calibration,272,pcb1/Data/Images/Normal/0139.JPG,514dde80d82dd02986644d7f92a7a42188a1b94319972652dc50d04302d7111c
calibration,273,pcb1/Data/Images/Normal/0899.JPG,51a1cec33631aa474b3e7a0998d50863beab119f505acd56984a9ff3a3649178
calibration,274,pcb1/Data/Images/Normal/0578.JPG,51bc0a18f05c1020af6ab0bff359e8c6575d0b671a3f61e642782e1dfb8d95ac
calibration,275,pcb1/Data/Images/Normal/0079.JPG,51db0085e0f232e187f88148c7c07dafe90667300376bf84701f225d493ee540
calibration,276,pcb1/Data/Images/Normal/0093.JPG,51f79687ecc5493a96ce6986603ef2fe1f3d0da2af69bd8bdf61f58bffdce743
calibration,277,pcb1/Data/Images/Normal/0805.JPG,5246f702ad5a69de7574d48da38b8cb35660c8f44274cac80a7f45048fbf13b9
calibration,278,pcb1/Data/Images/Normal/0556.JPG,524be092372217beb3defcd22e4fbc5ccd9af3e64ed6ce5bb89df8be8251f3d4
calibration,279,pcb1/Data/Images/Normal/0054.JPG,54357e1488f28d9e50d1eea63d048d68b7f87bf0156b5acc6394052c38b3ed69
calibration,280,pcb1/Data/Images/Normal/0593.JPG,54b1526541987ce98b3666374fdb3bb2c1c06d705d157985fdbead60fbdb80fe
calibration,281,pcb1/Data/Images/Normal/0868.JPG,54ba208e961c7be13e8d8c29ee7520a0f380bef4913a78778cb6f14c5c3d24e0
calibration,282,pcb1/Data/Images/Normal/0710.JPG,554fca3510b28159d629b2dae58aa63c3a0452100b8567322064d29d7105cef7
calibration,283,pcb1/Data/Images/Normal/0682.JPG,5582f53d3689166795c9c6022b136e18a94ee534b8ed2eaeb9745732531b39f1
calibration,284,pcb1/Data/Images/Normal/0406.JPG,55ab980f2818b9edc9e598ec1f836470e3e38b5d97efb363186a18c60dccc8ab
calibration,285,pcb1/Data/Images/Normal/0369.JPG,55bb1be1a012b7223551d3c0bc153cb4d4d48c289172ba95429a0b59d90e3a5f
calibration,286,pcb1/Data/Images/Normal/0759.JPG,55c453b940319b5aaf5200236d67a99228a65b312b81a28d6623caa9a79e1a39
calibration,287,pcb1/Data/Images/Normal/0936.JPG,562aeaefeb525fcf7d537602735d1321ff857a8080c2bcb3e4dfa8e02105eaf3
calibration,288,pcb1/Data/Images/Normal/0744.JPG,566e062b906fd74af5553a4b8eb23e7391f8b45fbdf0fcdbe63f7162117aff1f
calibration,289,pcb1/Data/Images/Normal/0845.JPG,56e79c491a480465e28b52e6a979d61531adef2b94bf8cc4fc0c9ea533ec7f06
calibration,290,pcb1/Data/Images/Normal/0117.JPG,572e418b9b511ae027b89a1c9431634cc47a8d28f80374a6bdb3ae42852d59ab
calibration,291,pcb1/Data/Images/Normal/0284.JPG,57477388fafbe46bfa6f6eb374fa1cddf98385fba89f045679a7b5d97316dbed
calibration,292,pcb1/Data/Images/Normal/0211.JPG,577c88fae88b9e3535fec0a184e622aacf5d3b1651458c0a88b19bc17d2642fc
calibration,293,pcb1/Data/Images/Normal/0474.JPG,57b77f99993de16998836032523cb124e4be4a552b57fa007d39eed8b65fc8f3
calibration,294,pcb1/Data/Images/Normal/0731.JPG,57c3cb0a28cc0f73112f89e47cddc5db4a816ae039ae3073a1003adf7fd886a9
calibration,295,pcb1/Data/Images/Normal/0385.JPG,57e2baa8896721d180b952e6359787337a5a55002afaf12babb53ac6e2d3668f
calibration,296,pcb1/Data/Images/Normal/0191.JPG,5886e43820bf2a8d4f12c40e2eee78d687edb18f167438085f3360dac6ee708f
calibration,297,pcb1/Data/Images/Normal/0558.JPG,588abbd51967be76c483eea878fb10654fe5b932e59c8a0dde3ed27909dfa633
calibration,298,pcb1/Data/Images/Normal/0458.JPG,58a6430774c498fd093182c7785bf49deca7a79ee856b88333939fc7e2019446
calibration,299,pcb1/Data/Images/Normal/0223.JPG,58f613710b73197ef50ae79d058ba3f9780bbe0512f74afebfccb986ca3d2f4c
calibration,300,pcb1/Data/Images/Normal/0919.JPG,59270437c68115805115a78df7ae3325728c3c296f076ab76d797e7d24461b73
calibration,301,pcb1/Data/Images/Normal/0203.JPG,5945703bafb68cd7047476b542885e20fa600d2f10b8febfe65c1315911440f6
calibration,302,pcb1/Data/Images/Normal/0727.JPG,599f300a033aacca609183f1d05783f621da4cba68c7fa8c5ce81a02ebca32f0
calibration,303,pcb1/Data/Images/Normal/1002.JPG,59e209117e097d363fb7a7bce7ab2c4ee8e294b3536a123464585a26d5687bc9
calibration,304,pcb1/Data/Images/Normal/0857.JPG,59f5b460c82c03d9f320c1d9b6474357bee4315473a96e04d3e9dcfc9dff2106
calibration,305,pcb1/Data/Images/Normal/0962.JPG,5a1353b9ca2847a2dcc82f2d3038c027a45bcdf20ed00f7a53eede112b9a8eca
calibration,306,pcb1/Data/Images/Normal/0786.JPG,5a4a24ae32b846a9bc73041f75bb8c596aa25b3e488c8d17ea7af4857f20577f
calibration,307,pcb1/Data/Images/Normal/0638.JPG,5a7c070a5d6ac5e9ddaa2ea4df8276f02228a5e9567c056d217fff364985d3f4
calibration,308,pcb1/Data/Images/Normal/0901.JPG,5a9a0b95f19031fba8ddd98d2ffda37a9e867a86237857d6fc94439c0b8ad08b
calibration,309,pcb1/Data/Images/Normal/0612.JPG,5b1cb017129df8aac965ef54eeec0ef01e6dd17ec8091cea83869d21895220d2
calibration,310,pcb1/Data/Images/Normal/0323.JPG,5b1ed4d9ceded24b5faa597fb3010f15c02eedd09f078b6a154449d53e4ab559
calibration,311,pcb1/Data/Images/Normal/0228.JPG,5ba5f71c5f143d8b3466db94a62f463ece5bef7c4ceb810c02803be4a9a66c1d
calibration,312,pcb1/Data/Images/Normal/0336.JPG,5bb58d9395b565d23e3fb1fd1a14efec8506b2c4d35a98e83423be2156a1d2a8
calibration,313,pcb1/Data/Images/Normal/0434.JPG,5c0d6c4298cdd65624c16958cb02360583bcf2450aa85ff368bae5ceb13f10c9
calibration,314,pcb1/Data/Images/Normal/0841.JPG,5c771afd7b05ce40ad0ecabfb05ac78b9fdf72016a1cd7949e34d5a3ebbb4299
calibration,315,pcb1/Data/Images/Normal/0380.JPG,5c7b00d1bf2b8562a65a9d5b6d20b86b6efa51b2e3887f76ab5590cec3a59b85
calibration,316,pcb1/Data/Images/Normal/0979.JPG,5c8ea64a1142aba840a758ea2ca7f9bc048ec57e5aacde0768addfe11c517825
calibration,317,pcb1/Data/Images/Normal/0135.JPG,5d0189dfa18e5f7c2ab6dc7164ea1d21cc6c5519555a62838472d99142e38a38
calibration,318,pcb1/Data/Images/Normal/0353.JPG,5d35e3f2f5cf49b4f700d5ca275aa901ccbfa090b1cfeca8f9efe8aa58fc01db
calibration,319,pcb1/Data/Images/Normal/0207.JPG,5d45ab7a864fdd178f3339e3fc54adc910f68d94b99d37290eaa6d89fbd087a8
calibration,320,pcb1/Data/Images/Normal/0339.JPG,5deb6e31495fbc86cf0d13bd6b83848ce2b190fac08e45077a3ad1e41ad38098
calibration,321,pcb1/Data/Images/Normal/0278.JPG,5e039df387c09daf23fd22e0e8531c2d37868a0fad54a1e8d43e0f4bf59c0b17
calibration,322,pcb1/Data/Images/Normal/0268.JPG,5e7e1a853b68fee426d74535873a1d253a3398ad1f451095ac1a57a604a57fad
calibration,323,pcb1/Data/Images/Normal/0392.JPG,5e87c81c73ea68aff9fec8f7aca240cb89973c6986d1746848b062e76bb472f4
calibration,324,pcb1/Data/Images/Normal/0470.JPG,5e88830b753ce5a98e089dc1f1a12b59d3206acdd1cc882db84d52e7b0a6bb1e
calibration,325,pcb1/Data/Images/Normal/0055.JPG,5e9367e4d3f540f3dc572b686f545048ea5898abd8b51809bfd29eb57bb6c8e0
calibration,326,pcb1/Data/Images/Normal/0352.JPG,5eec0a4ccc5a9339ff4f9ddc74f24a7e00e6ea2f9603b2da75fb043b6d137147
calibration,327,pcb1/Data/Images/Normal/0770.JPG,6043ee08579f6eda0bfdb12bf2aa0fba020bd1cb7983d61d73877265834758fd
calibration,328,pcb1/Data/Images/Normal/0003.JPG,604865eb8f9505ccb09059b251952af54f57eeee9be92970101200c292fa2197
calibration,329,pcb1/Data/Images/Normal/0002.JPG,6049db5e00bba214c22760d0d58a011a7d6c16ceca6209a74f0b092a249b1a29
calibration,330,pcb1/Data/Images/Normal/0543.JPG,60657c475cf5a250d03750ad077c77d8a21a29fd8a78beb92df00ae33187e95d
calibration,331,pcb1/Data/Images/Normal/0052.JPG,607c42bc38496a959c041ee3f26e473aba3d66d00ca195d4a98129ac186dd94d
calibration,332,pcb1/Data/Images/Normal/0028.JPG,621de73f01f6752325e884e88f593d613e33ae3076d3b26262c0b19109662ebb
calibration,333,pcb1/Data/Images/Normal/0732.JPG,62312243ce72a9cdf2a2bebac2d804e3389aced80bb561d2f3eaa2006ab0ece1
calibration,334,pcb1/Data/Images/Normal/0959.JPG,6273e8af217d69894cc2b19f30cf828d3caf219b1b89177972f12cc92bc828d5
calibration,335,pcb1/Data/Images/Normal/0772.JPG,62ab8eba7d19b1987841696c1e0c253b61d4ffdac51bc1e6e5397f4f273888ea
calibration,336,pcb1/Data/Images/Normal/0311.JPG,63372e5f858bccf830246e487396c051046fc6ac391465ca4fb5fd8f6dee7488
calibration,337,pcb1/Data/Images/Normal/0740.JPG,640c53795e7e66eed1c5e508dd36272d5a10bd8e80dd1e0296743d820765801b
calibration,338,pcb1/Data/Images/Normal/0356.JPG,644a2fcc7244f1dac03c6c3a0931f002849e07e2fc7b89e40204f91d1dd2567a
calibration,339,pcb1/Data/Images/Normal/0568.JPG,64c5a163f53009eed8a1d81ba835d8f11f1a66c95faf5b7fbcd8541c1ab6e71e
calibration,340,pcb1/Data/Images/Normal/0378.JPG,64dd06c46954318c454166480edd4c99c6972759c3f023fe6c74b0d294442c31
calibration,341,pcb1/Data/Images/Normal/0993.JPG,64e576e784962ac7ef57629b9c51a6fd772a6f976598037a7566d178ecee41ce
calibration,342,pcb1/Data/Images/Normal/0018.JPG,64f6205c5a3d2b015e1c7b6a369bd46106bd4f501431e3af2f077e0c6bb8270d
calibration,343,pcb1/Data/Images/Normal/0050.JPG,652c4bf8338e6a8a9d4bdc28d117ddab3f6bb00a2fa2027b0b80a304b7d01c8b
calibration,344,pcb1/Data/Images/Normal/0415.JPG,6576ae1cc1c539268db3dfd565cc11739fa4c5966dea75cbc77b5a22129c21b7
calibration,345,pcb1/Data/Images/Normal/0524.JPG,6586c8bf28b38e5700793e8eb0a672e219bf7a8dca9922faf602f29a4f5d87f8
calibration,346,pcb1/Data/Images/Normal/0724.JPG,65936c3318eef8fb30ddd4f600d96ece328f6ecd8ac7adbf3848d5de39664256
calibration,347,pcb1/Data/Images/Normal/0866.JPG,65da7b4edebe4aa2739ef7b771f404aaa465edaf651146b214d72a98d2c3e05b
calibration,348,pcb1/Data/Images/Normal/0300.JPG,66184d88e9b9c1e4c20f59bff6c841905de36bdfdb49aa77de464d1c66dedc3f
calibration,349,pcb1/Data/Images/Normal/0507.JPG,668dd24e7e0a40838c989bfa1ae124eac66ceeb647f72e7efafac8640882406f
calibration,350,pcb1/Data/Images/Normal/0665.JPG,66af55c9aedbdfd9ba078239cfa1fcbef2aeca8fbb5b02731ff9d740b9287ab0
calibration,351,pcb1/Data/Images/Normal/0839.JPG,6705a7e59aeed557312400d15d64caeda69388d7c7f9f635551e8d9384473d56
calibration,352,pcb1/Data/Images/Normal/0929.JPG,6723fa9f24b18f88500b78991898f2acdb47e042c8773b2b0c3f198abe76f3b0
calibration,353,pcb1/Data/Images/Normal/0600.JPG,674285348d673487465dd7d32a8be8941f0f4fef53fbba81bbd900caaf8a507b
calibration,354,pcb1/Data/Images/Normal/0872.JPG,675ed71c77ce4b051823f908d2da4cb362d9c21ec944deaf93c6119bca9fb350
calibration,355,pcb1/Data/Images/Normal/0808.JPG,677cd4e101364e33c3762e2c8f1f72a9fcda0f735c7931028825c0eee9ba08a4
calibration,356,pcb1/Data/Images/Normal/0022.JPG,67fa19c371e85cbd0f70d8dadafa9430c104b19e22b11d6e3a221197f47205ac
calibration,357,pcb1/Data/Images/Normal/0607.JPG,6828d737ff908c63909d58c0ad30dd3dad33fead51edd61f837830ab669f385f
calibration,358,pcb1/Data/Images/Normal/0973.JPG,68385d89bae051fb19ca9bfe70f38fea156f0284a763b671e7f948b20fbefc45
calibration,359,pcb1/Data/Images/Normal/0142.JPG,69330250407d5b0c2cdad799a49ceed0f708c40087e21a0746f971e9e161be5b
calibration,360,pcb1/Data/Images/Normal/0944.JPG,69637727e7f7ba673d90a95d6ccdc7b96010c98a3660c84c7fd9f1dcb7a1e757
calibration,361,pcb1/Data/Images/Normal/0298.JPG,69ad6517c38c0b9055f984a6bb233ca94aa5850b206c4f3ebe849de70d177d35
calibration,362,pcb1/Data/Images/Normal/0110.JPG,6a13bdf861f9d6d089ad088314cd99b2b148c5d8f680bab382aa47892fc0b5dd
calibration,363,pcb1/Data/Images/Normal/0681.JPG,6a43224e3f63dacb7691b38c20bedb11d97ec7befe3484b50b837f14569ecd66
calibration,364,pcb1/Data/Images/Normal/0754.JPG,6a79029e4824e2fb9d784856e958957a3a95a2ea9c40da4d3f5da6fe5865d5a4
calibration,365,pcb1/Data/Images/Normal/0452.JPG,6a943989ad6bcf61bf8b3b4f6fad367b9b635dc8e4029fb523efc8a53916939a
calibration,366,pcb1/Data/Images/Normal/0229.JPG,6aadf7b7a67c5a7256883ba5a093af0aefd52bc69a582d8a21f24860cdca63cd
calibration,367,pcb1/Data/Images/Normal/0675.JPG,6abdc243c76a053c262774d1080526244eed5bf9a305fcb9fcfd5ca3d53b7727
calibration,368,pcb1/Data/Images/Normal/0749.JPG,6adc69bdd994ecdc6f2db0ef372732c85e888e5a14a8c173412ee4e8c088f922
calibration,369,pcb1/Data/Images/Normal/0140.JPG,6bbdb0cb7f30e29a61c26bc267610114c780ed674626951975e5d6ac802303e1
calibration,370,pcb1/Data/Images/Normal/0310.JPG,6bf104ef495a48d15c2ddf1a0e279e233c9f9d9c043382859fe83f06a667537e
calibration,371,pcb1/Data/Images/Normal/0633.JPG,6c5f677fc5eb156dd4dfcbb0b291bdea795a7cd818e36d2ab4eafdd41f06eb18
calibration,372,pcb1/Data/Images/Normal/0667.JPG,6c6abe3927d412fd98614c9bc0cc96ad0912a09c6b4e03eba0da102fbdcb3246
calibration,373,pcb1/Data/Images/Normal/0643.JPG,6c7ad1bcc8e9bc34bb5ad9b7e81cdbbdff75e9330a404a2e637b47601b5d2238
calibration,374,pcb1/Data/Images/Normal/0791.JPG,6ca37beda949a99d3c254ef3f0da49ff9347e7e25308dceec54e7193b12d5b8c
calibration,375,pcb1/Data/Images/Normal/0680.JPG,6d57582e09fbbf6e0a77ad7933ca61811b1bfc42850ea56a745e404099078f38
calibration,376,pcb1/Data/Images/Normal/0410.JPG,6db14d9705d9929367ea5f973f763b73c651b54486e9fc0b75d816d9e8d8c0a0
calibration,377,pcb1/Data/Images/Normal/0241.JPG,6de03b3d55a0951f39f3bbc9b5379a6c4f492f1b030f37d4e1d21b860c7398b2
calibration,378,pcb1/Data/Images/Normal/0255.JPG,6e7c21aaab62ab10ca548cb9aebefb8f1a00e4476321bd8d6f4fdc96576e0cd2
calibration,379,pcb1/Data/Images/Normal/0882.JPG,6e9e8b1630df948f10cf65838de5ddbd76c9b8be1fde6d2abf099353dc70f892
calibration,380,pcb1/Data/Images/Normal/0179.JPG,6efa2aaf5fb83949d926b81cbc6bd0b4a196d107d07d96013718cb9fec344a28
calibration,381,pcb1/Data/Images/Normal/0200.JPG,6f1048d6115198474467d883dac8a9638bb88af51c84f557b131fb05a29addaa
calibration,382,pcb1/Data/Images/Normal/0395.JPG,6f81df26efb5de5235bf028d9b27523b5ec7ab24b440317917f1f576bbc6aa5f
calibration,383,pcb1/Data/Images/Normal/0968.JPG,6fb60ec2fd40f11e6a233b6edcf8bb0d13ee147be595f80bd7b281ba64e06064
calibration,384,pcb1/Data/Images/Normal/0009.JPG,70566a2d8c2c5802344fe1d5b2aef8a1662a7335bab15e23a855e0fcdc4d1653
calibration,385,pcb1/Data/Images/Normal/0239.JPG,708038959435de0398816590c039e18d468e12d78c7039811766531a293dbe46
calibration,386,pcb1/Data/Images/Normal/0571.JPG,709c7fe808a8595347f6ecdadc62949bb0aedc80d6958aa2c221a74ab5f9e81c
calibration,387,pcb1/Data/Images/Normal/0290.JPG,70bc6239b0c152ed1abc9f8dd1d3729fd7095f258f072b1571f04ec658fcd4e9
calibration,388,pcb1/Data/Images/Normal/0492.JPG,712df01f4c52ecd535132c43572c386552566f41513ff53a9df3eb8902fbca39
calibration,389,pcb1/Data/Images/Normal/0275.JPG,7189b8b70487ef9b6b7d60d0472bd19466abb3a76972ead96cf33ab89ebd28b0
calibration,390,pcb1/Data/Images/Normal/0475.JPG,71951d8b051c6553ceb388eed03d4ac7b0c28437cb440acc28768c56eda116a1
calibration,391,pcb1/Data/Images/Normal/0477.JPG,71ffb7d832bae286d1995740f6857fac7e84ac2de4a7ee33b3129e06d8cb6a77
calibration,392,pcb1/Data/Images/Normal/0838.JPG,7202ae0914b937960b886827aca64387e3bc91e8042d2dd5031d3ef92faea39e
calibration,393,pcb1/Data/Images/Normal/0459.JPG,726313442ca64e691f6608e21c6d3990bb6f1b542fbbd0c38c791398d829d0a8
calibration,394,pcb1/Data/Images/Normal/0851.JPG,727e4b6ef63abf7570bb98b8e95dc9abb95c47be40271243586c8ad0bb3baf80
calibration,395,pcb1/Data/Images/Normal/0517.JPG,72d8bd0a6fca69324e6e71251b9062a8e6a665085a33848ec8b753b040fb1688
calibration,396,pcb1/Data/Images/Normal/0296.JPG,735993acc8f29fa0144a72f3f38007a824d5e84e06a2af12a930215dd3938dba
calibration,397,pcb1/Data/Images/Normal/0235.JPG,735cc2391ed8d76056bcaf9c2547afcb62a199b286303ed8f20e9ea99add4a44
calibration,398,pcb1/Data/Images/Normal/0429.JPG,739f805124695b03aee8d67ce7a878a6b474bb749c366d5b23b0f1306454a28f
calibration,399,pcb1/Data/Images/Normal/0512.JPG,73f957d339f6a49e5523578cd9cae1919840e268151a5b13984bc5a190b7fd08
calibration,400,pcb1/Data/Images/Normal/0848.JPG,75398ae4f07180183cdc3a331063356db3b9cfa5d4c893100a6dfee9d9361c40
calibration,401,pcb1/Data/Images/Normal/0351.JPG,7558785d30c1c85ce40bf08e538bf43462e9bfc51b02aaf29875ded21756f928
calibration,402,pcb1/Data/Images/Normal/0917.JPG,7572134128977fda090003748e4ec0224e0f4a319719e23d451360c12d5bb622
calibration,403,pcb1/Data/Images/Normal/0213.JPG,7587082acad335421b922e552517845d81b83eb5e8564821d421b7010c68c791
calibration,404,pcb1/Data/Images/Normal/0222.JPG,7791c2707306aad17feb064a2a961987c9781c1a182f06cfd261739f7faa8917
calibration,405,pcb1/Data/Images/Normal/0696.JPG,77aeaff4938f2728d43351fb89a87c733140860e12677c5b59d0425ae5a6f197
calibration,406,pcb1/Data/Images/Normal/0349.JPG,77f85086ed17d8b603e3a9aeb08435f3e3e5006e04ececc6e26907d110dbcf6e
calibration,407,pcb1/Data/Images/Normal/0299.JPG,78b4f126d98a5fd77e2c1732ab1988297d5e21a766dbb22dfc98a3e3a15ae465
calibration,408,pcb1/Data/Images/Normal/0227.JPG,78bf52850858507006a12db97b89b22291d2e7b4eaf64692023d6078cb43c5cf
calibration,409,pcb1/Data/Images/Normal/0396.JPG,7908903569c6914d831d7e5c6feac25709697a08a560cb22588b316e267afac4
calibration,410,pcb1/Data/Images/Normal/0273.JPG,794f386605aa2f3f8dbe68d8fd7fe9959e5da8cea689121484ad9f9c4af32aec
calibration,411,pcb1/Data/Images/Normal/0533.JPG,7954e4e5a7fee9ed86479f01253ebb6c8f9f3363404284b8a0ba706b66c08e5e
calibration,412,pcb1/Data/Images/Normal/0433.JPG,7954fc9db53c90eaaafcf8adedcb05f841b083da10a15cedca62f56a9fc55ffe
calibration,413,pcb1/Data/Images/Normal/0999.JPG,79c5cf0b78f4537cc992783dc476693efb4bc9e9838775d83858798cf1e01c00
calibration,414,pcb1/Data/Images/Normal/0651.JPG,79e04022276fdf327c006fd4d43a0e7b4a648824ec9b399600a5dacba17edc8c
calibration,415,pcb1/Data/Images/Normal/0314.JPG,7a0c67b560a973a574e3e9c8af6fafb727b02b2beb498ac0d60e455f925b01dd
calibration,416,pcb1/Data/Images/Normal/0383.JPG,7a48e6eba9d25f53fd05392753d4d5118e7ca930200bec2acbc0ea657cfe81c6
calibration,417,pcb1/Data/Images/Normal/0903.JPG,7a4b1c363168c03909d4323cafb47cb1a2683f901e18e6a92b34203951b2487f
calibration,418,pcb1/Data/Images/Normal/0354.JPG,7a5ba496a0594ef81f70baaaa556a9165b9877a45ea8b412ca9c2871605d551a
calibration,419,pcb1/Data/Images/Normal/0206.JPG,7bbfaedd8250c08d0bdf54370ebf8d42d86d4b4f3825f70de30355404ae34b1e
calibration,420,pcb1/Data/Images/Normal/0519.JPG,7bfb7dbf96d6fd8d599f9fc2f7d7cef864e82c4eca6b31625666a6abb3d7b1c1
calibration,421,pcb1/Data/Images/Normal/0101.JPG,7c5ca8c53a25c3663244c4e3cd8b63ba1f495c44d21c5aebb8eaee9a562c2bee
calibration,422,pcb1/Data/Images/Normal/0626.JPG,7d12131e356b3a5e55f097b5d65f5756e8b74dce6902d2143899b25ac2b466e3
calibration,423,pcb1/Data/Images/Normal/0970.JPG,7d24ea148f3ee6d33a2c7f9b3d78b69bd0d00e6b18f24049a675d0d70ad06c7a
calibration,424,pcb1/Data/Images/Normal/0813.JPG,7d79b28a214091ae590c9342f62b397a038696aad90cc709afd0ead69be49326
calibration,425,pcb1/Data/Images/Normal/0257.JPG,7dc0e8ae85720a8d8c0f555de6fcc3c01670e229131b3d8ef8686172f3736179
calibration,426,pcb1/Data/Images/Normal/0954.JPG,7e4a03d746e5be31c18701270c465d6e548d3e04970ae698b0cbde4c7ad3d5b0
calibration,427,pcb1/Data/Images/Normal/0815.JPG,7e91498b57de492c9e3a5d298fb539fb30b7bfde1585cea2708374a8702a20c7
calibration,428,pcb1/Data/Images/Normal/0893.JPG,7ed7072f7969c542085b7670a22372ac80abe2c4d6fd2deabec20e0523a2ffc0
calibration,429,pcb1/Data/Images/Normal/0388.JPG,7f8eb4c5ce5724a0a21c8ca1e310d617be099b0cd3030ef767896d653de3a57b
calibration,430,pcb1/Data/Images/Normal/0454.JPG,80460ef220f5a68fde7731096b535b7d3d6f1979128c62ca4b275d6259e1a3bf
calibration,431,pcb1/Data/Images/Normal/0083.JPG,811d821022390c7e34ac9ed508b89494269408e805caada3359baa7a5d3567d7
calibration,432,pcb1/Data/Images/Normal/0823.JPG,81939ed9a2447ca25bd53f89832ea7b65c7ade9d97c7e644701e53164c74cfc7
calibration,433,pcb1/Data/Images/Normal/0995.JPG,82272d3648a15c122308e0c84999181642697c9f3f3a7d887bf0383c0b63d578
calibration,434,pcb1/Data/Images/Normal/0449.JPG,8288c28ed104ccb8a32987954102da2a8eb67b795f9b13365842853fd1de807b
calibration,435,pcb1/Data/Images/Normal/0376.JPG,83dc5089daf511f049762ec130cb08526e8dfcea0c7f6b514a14676a519d6067
calibration,436,pcb1/Data/Images/Normal/0873.JPG,83e12ccfc6a7e14a7d70a5f0544082be5a97345f68c17a0c19d464c328aca29a
calibration,437,pcb1/Data/Images/Normal/0478.JPG,83e2c661fd07b4825853f9197671e8fdc315cbaeb28b16217dd171308b1c1e32
calibration,438,pcb1/Data/Images/Normal/0040.JPG,83fabfd41929f91335117119ff6675afb8485078394beaf6aa626ffd2cdfc7b0
calibration,439,pcb1/Data/Images/Normal/0721.JPG,841118b58f337293cb43ea49395e13f4ff211f428a0f3192019909a5c095c362
calibration,440,pcb1/Data/Images/Normal/0209.JPG,846a8a4af22417449c7ebded87b961d6377d5c16dd63d89d149e2eeb06e2c59a
calibration,441,pcb1/Data/Images/Normal/0456.JPG,8496bfc5ab8efbbed7080aca1ef272f1a8015346dc8d14774679add790c6ba25
calibration,442,pcb1/Data/Images/Normal/0798.JPG,84bbdd66f87238ca576531357c9eda74c04fb51a866d1c8e83d0b6b92c5820fe
calibration,443,pcb1/Data/Images/Normal/0346.JPG,853d3e61605d92d011197126dcd13912c372dcb06f07ece22a211fedd2ff555d
calibration,444,pcb1/Data/Images/Normal/0095.JPG,857975967b74ff89541c44c359149ac80053d4190fbeded302a7d54363f05ecb
calibration,445,pcb1/Data/Images/Normal/0088.JPG,85d49ba483d95bc2d4a27a025c04a55b72b555e6f23e4cf76bc83a390298ca61
calibration,446,pcb1/Data/Images/Normal/0837.JPG,876d309da5fa2f3b9f5146855cd39b58e0ddef4bd8d9fb95a6d2dc9076cd8651
calibration,447,pcb1/Data/Images/Normal/0663.JPG,87937e897a62f5782c3af13e72355f5f0fd7931b4f283275968abef280adbf1e
calibration,448,pcb1/Data/Images/Normal/0343.JPG,87a8e34e7d14a05be56dd186ea7b1238948e4b4a7752ab7d1cfa3acad5cec45c
calibration,449,pcb1/Data/Images/Normal/0171.JPG,87beef71d68e9c6378c3fc37ce3acd41ce61e8d19389cd39e15ad4afecfddb88
calibration,450,pcb1/Data/Images/Normal/0950.JPG,87f0846dc1786ff053f0ebc393c329dde4c33b1af09e745c433845ca4f4d3048
calibration,451,pcb1/Data/Images/Normal/0980.JPG,87f5d427137961ff53b09bd1826b10c525ae574a1bd3c2aefbfb37096f322a54
calibration,452,pcb1/Data/Images/Normal/0756.JPG,87fca52a099c94ee7cb3fefa45f8d9e33115eb377d2fe66eb2f0e8b3d5ba7279
calibration,453,pcb1/Data/Images/Normal/0288.JPG,8804614202f96dc4ed4388ded5bbe717832de9ab8470af98723720c7ab069377
calibration,454,pcb1/Data/Images/Normal/0341.JPG,881d4308a02fa75ebf56b3a670d514bb18086248c816e8cc3457fc6128707a9b
calibration,455,pcb1/Data/Images/Normal/0765.JPG,881fe33f3fc925d6f4c0247e11651ac6caeb931faafcbc967ee62ea64432cc32
calibration,456,pcb1/Data/Images/Normal/0707.JPG,883487280686ca1ab080b288022721a66ec23d65486a33db46a1061460cc3804
calibration,457,pcb1/Data/Images/Normal/0802.JPG,8867a79c4891e28090eb0e3948a832c37e6261cbb514286a376c58b0c97ad5a4
calibration,458,pcb1/Data/Images/Normal/0581.JPG,8867c28f53e3ccca6dccba32a1c69adb6d463bec742d9a633a304e0d27f9521d
calibration,459,pcb1/Data/Images/Normal/0544.JPG,887e10852629efd4e1e557d003d4745884a67a1a47ea75802ab18836e2a1577d
calibration,460,pcb1/Data/Images/Normal/0528.JPG,89327261c9e2312b1ab58e321c1292a1ca30092c693bfb0bbd83827ca6d1716a
calibration,461,pcb1/Data/Images/Normal/0541.JPG,893d58121c189e3bb3d77e4e2ea4c7db63faf4a69628eafec9ea1909f3973ca7
calibration,462,pcb1/Data/Images/Normal/0542.JPG,897260b62d72fa95f3cbaf13dd0fc4d16cad90eb7c5bd8a09cb84e82bc10849b
calibration,463,pcb1/Data/Images/Normal/0679.JPG,89834fa96e85b34f3238a0bb92b1e1b38cba24d64a271dca0e1588a0235ab85c
calibration,464,pcb1/Data/Images/Normal/0586.JPG,898e161e8dc9bb57e16ca1c810d4e50dceafc56972d84f13b891bebc239c9db9
calibration,465,pcb1/Data/Images/Normal/0510.JPG,89f2a017f3c2f5196a9d648161a3659071be47541e57e72c10bf688fbe07dd55
calibration,466,pcb1/Data/Images/Normal/0188.JPG,8a1ef6a2ac3ee0208ef31857117d7a8fbc4cf3b602fce66a6bde0cc8fcf56856
calibration,467,pcb1/Data/Images/Normal/0977.JPG,8a29061be819e297363ac34e2b53cb41f92eec7746c8654b8b9928833b1be43a
calibration,468,pcb1/Data/Images/Normal/0622.JPG,8a6fb7c387f60b25ebac486232e417c855e8c7e738f923fee87d918e45df10b9
calibration,469,pcb1/Data/Images/Normal/0366.JPG,8b0c7dd5c268707cf989fc3cd8a7ab4ee8f8e8671ea2e6564179728a22490a65
calibration,470,pcb1/Data/Images/Normal/0004.JPG,8b88d0ecb7936897525e19121609c72a433a03807f1c473ebd5b893a6994301f
calibration,471,pcb1/Data/Images/Normal/0316.JPG,8bc2594a4373c814a798e165fd0250d0e13cd54d92df8cb5792a77e6a623f917
calibration,472,pcb1/Data/Images/Normal/0442.JPG,8c5ee4dce735834399e4d1e7ee7531640bea64ce821bb7841d2633f2a70734e8
calibration,473,pcb1/Data/Images/Normal/0043.JPG,8cd816cc4c81c1ba80defe1e79d2497fa85b4e951b46901d2715f9f950f10be3
calibration,474,pcb1/Data/Images/Normal/0649.JPG,8cf58af8a6fb381f9dc2857a38a7257251ce0bfca22840a5de5c62315d86469d
calibration,475,pcb1/Data/Images/Normal/0137.JPG,8d37a136b77c9b208ec64043e3e66f3b0be5adb14ee570045f196ceee1c01988
calibration,476,pcb1/Data/Images/Normal/0766.JPG,8d4c711b12d25e95dad5240ddb256e2d48bc8d68de662d9534947a63a4f2fc76
calibration,477,pcb1/Data/Images/Normal/0236.JPG,8da5e160e7845bb2d1894ed83209ead2bbfa0980e28882a80d998c30b6d81841
calibration,478,pcb1/Data/Images/Normal/0315.JPG,8de56d3c71138fdaf8c7c7b2aba384dea089827d7f482aa65f421d1a78fb2879
calibration,479,pcb1/Data/Images/Normal/0058.JPG,8eb98dfa09017f662ac2ba48e38d03f02aa058d0ad56d1680ae1dc33a5dad9ff
calibration,480,pcb1/Data/Images/Normal/0554.JPG,8f00b9c4618a4737dc6b5a01d757281343c60a6d2260421f3b7918f0e4bd23a2
calibration,481,pcb1/Data/Images/Normal/0167.JPG,8f3e067b9ace67971907c8772309965ef2aa40c35d005b750efa2353ba8f90c0
calibration,482,pcb1/Data/Images/Normal/0312.JPG,8f796fd14cd2bdc1cc35ecfb465bc57ceb317cecc230a769e58aec8b538444bb
calibration,483,pcb1/Data/Images/Normal/0045.JPG,8f7edbe3a05b2300d7ef19d01fd0f4b6c377093bbdd199842fba73100376ec08
calibration,484,pcb1/Data/Images/Normal/0636.JPG,8f8bd790c7ecacdefc43f9b9bfefe9613a0e75bba64f885ab1a415d064d8cec5
calibration,485,pcb1/Data/Images/Normal/0198.JPG,8f9829cedece46bcb254f9f24310e28616431150667c4a241d3e5c224cd514b2
calibration,486,pcb1/Data/Images/Normal/0370.JPG,8faaed65e5789518f37701f9444fe3197503c081bde80afb94a70f2e49618885
calibration,487,pcb1/Data/Images/Normal/0279.JPG,901ce7c39773afb19c986643694cab353b4789308d91172c1b05f3f3fe8c648d
calibration,488,pcb1/Data/Images/Normal/0982.JPG,909c9091e16973d69a122db7b497e41cd89c2aa5de3837e5fc62f382a0762b95
calibration,489,pcb1/Data/Images/Normal/0743.JPG,90a2294cf73dcad6cc56d915454bda1d93f5ad1e0eb6bc03e4bad5d8d5e30321
calibration,490,pcb1/Data/Images/Normal/0317.JPG,91266ac42bba49d48cdd8da114ed743b169ecfc77abbeaff5741d7da0911611d
calibration,491,pcb1/Data/Images/Normal/0074.JPG,91b3be1dbc37af3bcc43e2a3fc227ae9ec5a8f562c3851337e310dc120023384
calibration,492,pcb1/Data/Images/Normal/0337.JPG,91c722cd6ccc1772192393e60b19abbaaf27d611e860857cefca9a5bdeb14f2c
calibration,493,pcb1/Data/Images/Normal/0453.JPG,926af972fba2767e9dcb19e3f1c5a7cd0d53212e6efe543e57eb30687ded61f0
calibration,494,pcb1/Data/Images/Normal/0448.JPG,92f3cd78110d17305766375d908a1e6277ce7a331fc4992ba0f1c8a67a756349
calibration,495,pcb1/Data/Images/Normal/0582.JPG,9391b98538418f94dba8439a4d13d19310a7b784e8a8a9e6dda695edd55155b2
calibration,496,pcb1/Data/Images/Normal/1001.JPG,93cfa6ad0726a6da1a773b06018af11994502a323c29ba029ffb6c17d597741c
calibration,497,pcb1/Data/Images/Normal/0585.JPG,93ec8a755113975b0c981a7407157b958056de186dcf78840d2c8781ab1a25cc
calibration,498,pcb1/Data/Images/Normal/0390.JPG,94353d8cdfd15b93e77324b98d823dab8e53ea5e4b1875f8f3561777caad3977
calibration,499,pcb1/Data/Images/Normal/0788.JPG,94406c8ebadefa49e03b99a33bbbd89f087cb9923839d43cc6a1feebb6cfca5e
calibration,500,pcb1/Data/Images/Normal/0082.JPG,9448c7aeb3a9c2fd383b368d9d0ed5c64717c9479497ffeb160b00f8ae84b6d5
calibration,501,pcb1/Data/Images/Normal/0551.JPG,952e46b56c47560b41ee245fe1c9af9cddb06975b29f0e01e005cbf980d8d758
calibration,502,pcb1/Data/Images/Normal/0393.JPG,9540f5f8f8a2b7e30a00a54df7aac0f56bffb5081407e32d8f0d57f998e3a747
calibration,503,pcb1/Data/Images/Normal/0885.JPG,9578b41f1e2d55d3f8918402bc3da5669d5740eb27f62b6ee44f65439d46c8b2
calibration,504,pcb1/Data/Images/Normal/0536.JPG,957b11f4be807fbde83dbe916d07564d1c08534c731b593bdb1c8c4d7d50d06e
calibration,505,pcb1/Data/Images/Normal/0132.JPG,95aacc7212bba259fc55c7c0103348fbd40153db050088c0302d44c83aeec0dd
calibration,506,pcb1/Data/Images/Normal/0996.JPG,95cfef8e3dab35f759bb0d9e046ba6d16fff61e30b6b54bc9374db0586684c84
calibration,507,pcb1/Data/Images/Normal/0701.JPG,95f6c0166358157ef41850298e4cf79ad1301b5671cb07a6c63fece19049d7de
calibration,508,pcb1/Data/Images/Normal/0698.JPG,961e259dd50b100a1c6738c27c8d96952784b10d351143543040fd1390bc92e9
calibration,509,pcb1/Data/Images/Normal/0909.JPG,9634dceb1f5f59a0f6b6d3f6430e371a23e8c35acc2a519a77704b0bc4b77338
calibration,510,pcb1/Data/Images/Normal/0375.JPG,96a7ac8ba87b12a014fde097444240e5ca138b7f0db4c8716b23ccd9085dab57
calibration,511,pcb1/Data/Images/Normal/0988.JPG,96deb79916d9dd35e053669cc7b5e60ca14ac601c14381e910a88dd178a18b93
calibration,512,pcb1/Data/Images/Normal/0185.JPG,970c0ef30f52fa8dd0f6c5e767d7b178d12fd360ff5c1c811bbbf8753ddf7952
calibration,513,pcb1/Data/Images/Normal/0897.JPG,972b3c8f0a6d2188fcab53ccb941c260a7ead8050c11abd3583378bbc413d88f
calibration,514,pcb1/Data/Images/Normal/0125.JPG,975cfe68e736b0f6be0cb8942d77a2fe796f7705de36cfbc0f042e3b61982a6c
calibration,515,pcb1/Data/Images/Normal/0435.JPG,97639ed2068c131473c14bca3258ec0a2b37a3b29f8682211be23300afa7e939
calibration,516,pcb1/Data/Images/Normal/0111.JPG,97cbd7b401f312edf01488826809085d1dfdbe96ed59f399a4a4741b730d1a19
calibration,517,pcb1/Data/Images/Normal/0225.JPG,981771375a6300bce7146f32b10f0399eb2274e17e2c887b46d666fca6045e40
calibration,518,pcb1/Data/Images/Normal/0285.JPG,984498852d9f26c6182d6b3996eaf69370a4db97fc5ee894c9569fa4cf8b190b
calibration,519,pcb1/Data/Images/Normal/0362.JPG,98674fe6bad02f042f27295e05e72a7a0872bb77f462a7387f071077a73e90fa
calibration,520,pcb1/Data/Images/Normal/0407.JPG,989c8185447f90ba83146bf44addccef58127d359d51435c0dc8aed105bfd4bd
calibration,521,pcb1/Data/Images/Normal/0703.JPG,9935e6c700db78a2739f14df38c55c5a32ba4b780e3c71fab6a8383ac1a27f5e
calibration,522,pcb1/Data/Images/Normal/0623.JPG,99c3b69e42168ff89b2e89bdaef86af5153cd5d3680cfd56644aa228e7970a1c
calibration,523,pcb1/Data/Images/Normal/0163.JPG,99c5078971a633f3c576ddeef62cedb10620b6fe70dbde1fa7f5f645172d61af
calibration,524,pcb1/Data/Images/Normal/0365.JPG,99e7b1373dd236496f5c8e5ee83702d6d73613db6a268fb9bcdc73f0e5814b18
calibration,525,pcb1/Data/Images/Normal/0219.JPG,9a2abfc857f1d2f3fa4417f2fb96154ccad6a99ab7b9f36b984c739a1c8ffb92
calibration,526,pcb1/Data/Images/Normal/0182.JPG,9a4d3097dbfbebf28d0a0411195e9020b54e616a9f06795f87bf06f495c182ef
calibration,527,pcb1/Data/Images/Normal/0753.JPG,9a888a7ace839d15e0b8a984bff22a881ca335eeeaf14a3bff35534c89dc5bfc
calibration,528,pcb1/Data/Images/Normal/0715.JPG,9ad4cea62c402dd1e35070864a70d52a79383f3fb4009f941e727995e12b7033
calibration,529,pcb1/Data/Images/Normal/0360.JPG,9b1724fed59da7408fc90aa85d715ff6f6af912322ff899b85b813813b22b8e0
calibration,530,pcb1/Data/Images/Normal/0340.JPG,9b4335c4d8e46afb123d523c2ac47e004ef64715763f84c3343230dd2fd93d69
calibration,531,pcb1/Data/Images/Normal/0446.JPG,9b5f64fe7776fb16b1c1924d0abba07a4274a6507761b22e76e130d0af6aed28
calibration,532,pcb1/Data/Images/Normal/0006.JPG,9b6fb5af396fe1917613ae1e4379e85429a3550bf61098bb07a273601d8647ce
calibration,533,pcb1/Data/Images/Normal/0930.JPG,9ba5a33bbb1cd5c6d7c1952ca68a5cc61e2b0251f0d8d2766525f6fd8890227c
calibration,534,pcb1/Data/Images/Normal/0447.JPG,9bad9b2b89c8769935a998ef62dd7c2744eba13c903ddbb2df55b358564d9325
calibration,535,pcb1/Data/Images/Normal/0566.JPG,9be40a00ace5682880db2f1064355149cfa0240bd6aa9b5c84ce45d14eb3b9f3
calibration,536,pcb1/Data/Images/Normal/0967.JPG,9c0791fcc0e8a9c101613bf807956fdb107026993f653fcdbee996309688a433
calibration,537,pcb1/Data/Images/Normal/0327.JPG,9c3550b0bfa43b77810b49c188f567e9a800211e5159b58547be10387762d9ce
calibration,538,pcb1/Data/Images/Normal/0355.JPG,9c40a88210984b7861c3d33f42f7a7a3d54337640a9b58509ebcc264eae64993
calibration,539,pcb1/Data/Images/Normal/0133.JPG,9c4a40de7b8c3cd682a0b59ebd6f507d7c699a1c1af3de406086aad20274b15e
calibration,540,pcb1/Data/Images/Normal/0274.JPG,9c5fbc498e012147502771a68ec83007c3f5797d4fce8cc2c060c80fc3e8e063
calibration,541,pcb1/Data/Images/Normal/0708.JPG,9c66ba65b3404b13eeca4310c8ea8b7472d830c37d1d62d075e02ff347ab40f9
calibration,542,pcb1/Data/Images/Normal/0987.JPG,9d06a5fb0f997ac57dc1fdf2dad85b4477a11cfab30d5d78a57c901ae4c250d1
calibration,543,pcb1/Data/Images/Normal/0072.JPG,9d23502783b95afd2cc46665d683229063927ab73e229f7a02aa423338acd80c
calibration,544,pcb1/Data/Images/Normal/0418.JPG,9e94ed9b4dc19b3f04e035a09a38e765547911088616f83f94df001c3d256d45
calibration,545,pcb1/Data/Images/Normal/0505.JPG,9eae99fc3f268713238eefbc49a62047124862c972441b23e28df686679a5a8c
calibration,546,pcb1/Data/Images/Normal/0019.JPG,9ecf3f7f315b1bcebd4a8ccb8975d509b632cdec915066cc3b8440390e01d5bd
calibration,547,pcb1/Data/Images/Normal/0230.JPG,9f1c9fd96d8932c9452e85cb4bbde652b3b72d62014d7f928e7c31a5030e1e8a
calibration,548,pcb1/Data/Images/Normal/0287.JPG,9ff0d7d60606aed45422f08f84edb962d3800a778f42d84309d6924dc61f2f98
calibration,549,pcb1/Data/Images/Normal/0592.JPG,a0c36821639fd301c56401cab65dbf35bab7e28bf49e91a9feec233d59c46a69
calibration,550,pcb1/Data/Images/Normal/0849.JPG,a10fbc05b2f02eff45c4c7318bcc42b4691e89f8d4b875e2f5c18a3c92f607e9
calibration,551,pcb1/Data/Images/Normal/0747.JPG,a19570142d5e9fb6ad041dbdbbe3a302f8c7a28aab00cd47601a2ef6d20a64be
calibration,552,pcb1/Data/Images/Normal/0669.JPG,a1cd421ff25c664d338f8f94ac9a96a6552b491e729731e891e2fdb055377f3c
calibration,553,pcb1/Data/Images/Normal/0485.JPG,a22f3e328aba13653916164fb18dccbc3b14da06c7dfb8161eb48a84b3b590ab
calibration,554,pcb1/Data/Images/Normal/0604.JPG,a37813fbca56fa98f2cba3d3bc5078337a8f252857e7f616d8a3202032f497dd
calibration,555,pcb1/Data/Images/Normal/0671.JPG,a3bd445fd1f47b0cabc0ffc7b5b0ea0b298a8069f84fa35482c0536a4ecbc37d
calibration,556,pcb1/Data/Images/Normal/0008.JPG,a44c2926abdcf2f23fad5fd990cc33d5bf97209d7a05d280dc626d169ddf5dea
calibration,557,pcb1/Data/Images/Normal/0109.JPG,a498cefaf1c348500588c037a2bb1c0b32c1ed7a24a42e0fdef7a24de4cac09c
calibration,558,pcb1/Data/Images/Normal/0350.JPG,a4af97c47e235d25e83c74fc12dc56f4e4e0a538a736a3b9236ce87ebe0805ac
calibration,559,pcb1/Data/Images/Normal/0658.JPG,a4b13b818f04023cba85c9a5aad022e9e053dff2622b9460aaa931cf13b52d24
calibration,560,pcb1/Data/Images/Normal/0091.JPG,a5437359b201529d359f6c67ed634859eda61dd4542d0d4389db55de156457cb
calibration,561,pcb1/Data/Images/Normal/0990.JPG,a547e6e4fd15cc78447b325f499b78ed154239b0b25a63f578cc55bf54770341
calibration,562,pcb1/Data/Images/Normal/0787.JPG,a5763a9751888ed146f1b42db027ec57c6813077510bf6b204634d18a3cb5604
calibration,563,pcb1/Data/Images/Normal/0880.JPG,a6aecddbe33da67d0ddf007b01ec1fc8a8e56bdde6c55741f642be748490eb7d
calibration,564,pcb1/Data/Images/Normal/0368.JPG,a6d75dc21f3538fec1e6c3f60e78469c2cd55d2ccc6d3e00aefd9b59ff7cb2e3
calibration,565,pcb1/Data/Images/Normal/0071.JPG,a73de930cc00adfdd66e7a85f74d09b2eef41023c3e095d571466b441a44c483
calibration,566,pcb1/Data/Images/Normal/0130.JPG,a7bb9dda592c724fd8c9a0b09dae251bae905920212e14046550d6a534b622c4
calibration,567,pcb1/Data/Images/Normal/0876.JPG,a7cd382c43a1d8cbfd1acf1c905391419263eff72efc5c23cd3c82a3ffca7acb
calibration,568,pcb1/Data/Images/Normal/0916.JPG,a7db01fa5f7431971cc95571d7997b09a4a9069cbb9cf1a241d6cfc4b1b2a935
calibration,569,pcb1/Data/Images/Normal/0099.JPG,a88b64edf5babdc770f58e1eea00c0e15d220fe28b3d1e52b28b10d9c19fea09
calibration,570,pcb1/Data/Images/Normal/0419.JPG,a8c19b5591fca6553847d3c8288beedbe765a4de41243cc694ea83da178b81c2
calibration,571,pcb1/Data/Images/Normal/0029.JPG,a9747734831539a95f2d4a49ff6bb6cabd115aa6a7c8a1976e01cd38d5c34fda
calibration,572,pcb1/Data/Images/Normal/0605.JPG,a97483b96699fc5ad451d4dc766f05c14999a8d515c83d1d0b8a5e3dc0853011
calibration,573,pcb1/Data/Images/Normal/0792.JPG,a9a4788444f54405bab0e0481a830c081c881c4ecb235aefcb62959d9752702f
calibration,574,pcb1/Data/Images/Normal/0118.JPG,a9d29f64909cd5a124b7133b39bef795baa63468e8b31b737779a75724a0b873
calibration,575,pcb1/Data/Images/Normal/0259.JPG,aade887629ddaced5b1414f9564c56770e6f085ff5b6b87f1a506662e98122b8
calibration,576,pcb1/Data/Images/Normal/0421.JPG,ab17dfb62f15f50a74172df53e36e8b51624a42d333a8acc5e6163c793503fb6
calibration,577,pcb1/Data/Images/Normal/0508.JPG,ab2f5813d81b649b0c74e6daee760be18b63dd44e98989f7a9cdd05108881f86
calibration,578,pcb1/Data/Images/Normal/0251.JPG,ab7eebad16a698747e0b8443251cc13a3ac3e129916588fff36bb92fd6be2c16
calibration,579,pcb1/Data/Images/Normal/0686.JPG,ab9ce7a58c6a9391aa8813a099b35aec50c81dce414a79781c3e93a5306c5cd2
calibration,580,pcb1/Data/Images/Normal/0041.JPG,ac181a405d24aa2898545fc8e566f5692237535fcd4db39bb35a297c2617d461
calibration,581,pcb1/Data/Images/Normal/0509.JPG,ac5331fbd5e816e8d1e4aa22d1afc540741790f303278c026e77cfd92c6dbaa3
calibration,582,pcb1/Data/Images/Normal/0007.JPG,acaad856eaf7d1745b0b6ce378d4c4373e4662eb2d2bf6028020d644f0daa0af
calibration,583,pcb1/Data/Images/Normal/0821.JPG,acb9031e217a49d63729676812aebd85e03206b9d7ca8114544e7b92d8c8fbcd
calibration,584,pcb1/Data/Images/Normal/0326.JPG,acbe5e7803df6132eeffc185fec7379596f94312637a50a09a476fdb48a44ddb
calibration,585,pcb1/Data/Images/Normal/0195.JPG,ad08c97ab2d774a589f97a574865eceebcf22c58529960b7210131d600a7e232
calibration,586,pcb1/Data/Images/Normal/0834.JPG,ad2a49f42ec376ee8fbe8569056efa44786a900f6d57b066f9acfe90781cad72
calibration,587,pcb1/Data/Images/Normal/0632.JPG,ad5e3c4043fd45dc1e9fb684e0f8c8750243f72a789386bb4360db09c59bf9c0
calibration,588,pcb1/Data/Images/Normal/0465.JPG,ae148eb54540454b6801c402c403ff631c78a529e36590610534a25f03c827d7
calibration,589,pcb1/Data/Images/Normal/0030.JPG,ae571254784d38e308534b0faf72138bc64034baabec6cd0f543a874f9b67648
calibration,590,pcb1/Data/Images/Normal/0516.JPG,af6326945d823596e981807203574803c43af8c9a58cd0bc6d1b45d0797814c1
calibration,591,pcb1/Data/Images/Normal/0038.JPG,afd154c8e9487f076b61831a3ddd70dc92fc6abc239ffcf1263962725814e252
calibration,592,pcb1/Data/Images/Normal/0486.JPG,afe2499070684fb8f69d2e0e46d1b2786620b54d917905585f246120eb0ec335
calibration,593,pcb1/Data/Images/Normal/0645.JPG,b04600c24ed2a0a3a012b1366b1172177d8ad5ba8e224a7b457e4d6b8c395d87
calibration,594,pcb1/Data/Images/Normal/0080.JPG,b0d717ae89de73a5cb7c01d5dd660b005d163a1d18047c116c9ebb257cb7f6ae
calibration,595,pcb1/Data/Images/Normal/0852.JPG,b0e2594ea851521a4de7797f40cfb603bfde4df72f33bb7f794e34faa7fc45df
calibration,596,pcb1/Data/Images/Normal/0136.JPG,b0fb47188e892ca5402bdfee75f0275debae33d2e8cd336766a60daaa8388420
calibration,597,pcb1/Data/Images/Normal/0161.JPG,b19a7ab733baa02a7892eea5e76cc443780b87a6ed93cb544bccb049d5bb9b8a
calibration,598,pcb1/Data/Images/Normal/0121.JPG,b1badbf6b418bfb84598a1e3b9773bd9f20c2be151055e389739bc405e60bd5a
calibration,599,pcb1/Data/Images/Normal/0997.JPG,b1bc34c6c4f41e3ec9a53183f857ea105b5098075dcfe0ecf6d8368c54dee378
calibration,600,pcb1/Data/Images/Normal/0825.JPG,b1f878a3ab876b5f261a9d96c305acb20f976f67ace03a234356d7c7e2e08442
calibration,601,pcb1/Data/Images/Normal/0733.JPG,b22b05a09146680f96fd66c46ed9c9a2d988e7de10d33e508d9290e19b5d8ec6
calibration,602,pcb1/Data/Images/Normal/0881.JPG,b2375bf774f46daeb72dcbcc5e51a2c47646bb6de6c088c2d6198c0d7c0ef9b2
calibration,603,pcb1/Data/Images/Normal/0914.JPG,b2c99509d280682aa8d9ff903c2cc4302e2eed1635afc9f1a79e57188fb78505
calibration,604,pcb1/Data/Images/Normal/0425.JPG,b2ea71c75ec3f057199901580754e1c200f4cc8b510801fb9a3a1f9ba46a5c67
calibration,605,pcb1/Data/Images/Normal/0319.JPG,b33749ca2a827d177e4b55b13f4788fa72bacf3c9dc5357988099115f51c4bbe
calibration,606,pcb1/Data/Images/Normal/0437.JPG,b373f359c086b2729d359a6f46b0ff1346422f9179ccdc521a80f4e1d227c0e5
calibration,607,pcb1/Data/Images/Normal/0932.JPG,b3762264f0da65dbbd811538e923a350602b93ef0cb2b22055a645a2b9597c54
calibration,608,pcb1/Data/Images/Normal/0776.JPG,b3a906a578f70cc4b6d25146dd88cd45c78d6147aed677a6985975114d3587c9
calibration,609,pcb1/Data/Images/Normal/0389.JPG,b406019a3db911d86e00014d0f19785ce4e4b7695602d3ca7b36962b0690c64e
calibration,610,pcb1/Data/Images/Normal/0205.JPG,b41e95dce58ae5af577e79046425261d608592a0e5943f79ba18f97b2ffaf3ad
calibration,611,pcb1/Data/Images/Normal/0344.JPG,b41fb8af16f2c24fc7563f78668698d86629185ef426393a6e859cf3cf71bc1b
calibration,612,pcb1/Data/Images/Normal/0498.JPG,b4af582a58429707f4b434789d0966a5196b11326c07b7b9b56789a1559a1897
calibration,613,pcb1/Data/Images/Normal/0618.JPG,b517f9988cd0e74bc8eed59dbb6dd4be06000c04af35fa58656491c3ca7e740c
calibration,614,pcb1/Data/Images/Normal/0233.JPG,b5770ea07e3df0fbec0997a45c7d5e43e5fb337511000538c4d3d96e88d9e72b
calibration,615,pcb1/Data/Images/Normal/0778.JPG,b57e18fbcf9b2d225f9b7aa920a6f52f42dcb9147ec33953c19ee2b8c1084e88
calibration,616,pcb1/Data/Images/Normal/0538.JPG,b6232120922cc1b9c24b7ee1f6795c4c127fdd44c09b8d769ee097420e58ab37
calibration,617,pcb1/Data/Images/Normal/0243.JPG,b6464577a52e442c02395f6a88187ab1b7782ea7ac6de0708d0752aa408c664b
calibration,618,pcb1/Data/Images/Normal/0726.JPG,b6af863f58aee74ebdda50f07ad99ad5bfd3a85b033400136699b3320b7556eb
calibration,619,pcb1/Data/Images/Normal/0577.JPG,b71ef5ff3f72b38808b317fc34555e2e4aec842a403e87086605a0458034106b
calibration,620,pcb1/Data/Images/Normal/0762.JPG,b7702a0a0e66a516749cd79e4f497138a4c2479e84fa3a70a0e24b53a5c4e637
calibration,621,pcb1/Data/Images/Normal/0151.JPG,b7bc24424eb8fcaaab88a8f52c7b2c30f1990e8530ee9a102e255077f3dc1457
calibration,622,pcb1/Data/Images/Normal/0910.JPG,b816f826f95c4bc5f320196477eb151d778d83f6c89beeac8cf577b0e9a7ef5d
calibration,623,pcb1/Data/Images/Normal/0822.JPG,b83c0bc4c87ac34dd68622cedf5d980137ca50791d301f15faf05f474b47e95b
calibration,624,pcb1/Data/Images/Normal/0780.JPG,b8f0ce10de88df5e213a32e8c3197508d4737e341a2ed4ac63e9e9dd0b27d2f9
calibration,625,pcb1/Data/Images/Normal/0463.JPG,b91303d23cb13d8ad87f67e5010580d74b9d985543455a76ae258e0b91f5b8f1
calibration,626,pcb1/Data/Images/Normal/0598.JPG,b91bf273528ab07c96973ef01bc83df963030efb0e1e29e6ce3f4498597d9dd4
calibration,627,pcb1/Data/Images/Normal/0192.JPG,b91c6ccb2e9c44c5829ccfbccaac7b95a84b0089f4b93ad768d72df19f7ec281
calibration,628,pcb1/Data/Images/Normal/0515.JPG,b930edd104e6f53393bee2f738f3880ac2f3bbb9ca876bc8d09dc2ffae3340e5
calibration,629,pcb1/Data/Images/Normal/0234.JPG,b9e89d8cc56ac2383f8b65ecf173ccdee771c40226e973fedf023c9d64bb9c86
calibration,630,pcb1/Data/Images/Normal/0595.JPG,ba2c2e9988cc252f05a6a7f557025420b9a0c5760376250da4c60513cd609d99
calibration,631,pcb1/Data/Images/Normal/0116.JPG,ba61e18d55dce117e5326e18198370ee092e28afcea2543ebaee654b3d3f385d
calibration,632,pcb1/Data/Images/Normal/0915.JPG,ba89d5282d0215961ce01c052f731e6fe46e46d74d74f084d1689e5c85d342e7
calibration,633,pcb1/Data/Images/Normal/0409.JPG,badacbd526f4bbddb81219c7d703dca7463d8472b12091dd6480a20428cb3f74
calibration,634,pcb1/Data/Images/Normal/0947.JPG,bb1d942733ddc973a6e44e4156bff5ef1fd276bf63b64857751987f1f8b7d541
calibration,635,pcb1/Data/Images/Normal/0348.JPG,bb257bce1c56432ec21058926b4741d910a8cf13ff80f01b973e94cc5306434f
calibration,636,pcb1/Data/Images/Normal/0202.JPG,bb4b87faa5ae7c51e5dd656f4690d388fbeb8dd1af547d86a4b0455258f019a5
calibration,637,pcb1/Data/Images/Normal/0152.JPG,bb969b16965db659cf8db983fe481c4a258924856b089f6754b4d021e2cff667
calibration,638,pcb1/Data/Images/Normal/0156.JPG,bbadae0951c778374cedb304d91cbbee69b3b27fe773e8d839382868b9c52eb3
calibration,639,pcb1/Data/Images/Normal/0411.JPG,bbc760a71bb2729e4ce00ceb6a603b08febb68e60b4414545825c6dc0a771074
calibration,640,pcb1/Data/Images/Normal/0149.JPG,bbfa1b92d8aee1efc720212f2834482c8c0032a985730ed396503826e9aa143a
calibration,641,pcb1/Data/Images/Normal/0113.JPG,bc09a70a6e98e33103e8be60dc9cf0dfcfb234f781d550a1008fc909f79f4060
calibration,642,pcb1/Data/Images/Normal/0201.JPG,bceb7753b27b81dcdfca7eb0710d5bfc755eb6ae4ba52f24d423c17fdf56bac9
calibration,643,pcb1/Data/Images/Normal/1003.JPG,bd0f5c8d46b007e82705fc8fab584aec46ec84e5c02b9edc5a2d771e32dac241
calibration,644,pcb1/Data/Images/Normal/0037.JPG,bd24da81320af26b7981d0456c11ff8e82f7e21f0cab1ce0730716b6c26fbeef
calibration,645,pcb1/Data/Images/Normal/0231.JPG,bd562098443dfa6f77105c3253138edc97972024434d2c691b4d30f0eff1a00a
calibration,646,pcb1/Data/Images/Normal/0734.JPG,bd81761eea91a92d6ae28046c2ca336a6321fe1fbbd930f0d21f35a2fef54fd7
calibration,647,pcb1/Data/Images/Normal/0775.JPG,bda3a0aa2b90722f35efcc493f47f67a2358a3e863378614524fb5d11feaebe3
calibration,648,pcb1/Data/Images/Normal/0090.JPG,bdb5c520af680140b145257ac1cbbdc84f1c21a9555f3789bd87228fee857dbc
calibration,649,pcb1/Data/Images/Normal/0199.JPG,bdd689e29faa8f10b154f416b0dedbef4117cc007419b18ed7ee51b5804f054e
calibration,650,pcb1/Data/Images/Normal/0247.JPG,be84aeb79033003cc157c9496bb8a2a1b267a43f621495b74704bd6a272a5520
calibration,651,pcb1/Data/Images/Normal/0666.JPG,bf5b4d1231919c7cc6940fabffb2c98ae56d421aab845a506d55ce3f224970ed
calibration,652,pcb1/Data/Images/Normal/0812.JPG,bfad91d6891f9c0f55f988298f2959c9d6c21e61afffac3365be71b4d8cdbbf8
calibration,653,pcb1/Data/Images/Normal/0122.JPG,bfadaf6b05ed934f49942af45852ed6ea2a0fa72c8ba54e9c1917598fea280cd
calibration,654,pcb1/Data/Images/Normal/0867.JPG,bff1e637d1a97ed047c388e9a3b5090cb6772107ef61d65f5dd16c54ec75f366
calibration,655,pcb1/Data/Images/Normal/0984.JPG,c03e5e04ee5d485619df2cfcf5824b5989ac16a62026f32247a545ea8904c219
calibration,656,pcb1/Data/Images/Normal/0086.JPG,c08f79bdf1a7a252bd3763ca6947d7cd0eb51d566c7832e65f694395dcca3167
calibration,657,pcb1/Data/Images/Normal/0461.JPG,c0cd82f5eca993d89243023aa760cb02f6cd4f85dfcb751d9f5074408f6bcec9
calibration,658,pcb1/Data/Images/Normal/0384.JPG,c149b8c37ab3c55a34d4829071640342be39d6d6b71a8f7e858c3a7e10011017
calibration,659,pcb1/Data/Images/Normal/0502.JPG,c17bef86819ea0d7e74a796e0c594bcd2e35d05d52a0a25453cffcb73ac23834
calibration,660,pcb1/Data/Images/Normal/0128.JPG,c18aec4b3ed570f38930776cf90c8e159d45ccdd6ae4f90cdb4afea821f75788
calibration,661,pcb1/Data/Images/Normal/0155.JPG,c1d662d9eca33842ceb70631637a29cee3808a095a690644b366e60243476be1
calibration,662,pcb1/Data/Images/Normal/0702.JPG,c29c0628f9e8d451b5ad8d7c8a17420a0f385029e3e7e836004df506f0f69a15
calibration,663,pcb1/Data/Images/Normal/0264.JPG,c29f6fedbe5a1742f3a6b8477cda649d0a9e9478f41311494e5d729006aa29a6
calibration,664,pcb1/Data/Images/Normal/0942.JPG,c2bcd1e6ee2865a3673950f239ee923bdd94c216eba00cb418ea8a449e2b3601
calibration,665,pcb1/Data/Images/Normal/0180.JPG,c2bde5d2b00c31902db7e87cfd27dbdfb28ff3770bd188926b2d21e61492f2dd
calibration,666,pcb1/Data/Images/Normal/0602.JPG,c2f926e7ed1898108690d1ff9d209e93e8bc1f5a93069a06ec02b60b8a400aac
calibration,667,pcb1/Data/Images/Normal/0098.JPG,c3a32100a5ce3123f41dc84af43c5c415c3f8a43d28a79ea8a7eb718b1c3de93
calibration,668,pcb1/Data/Images/Normal/0226.JPG,c3f00b5b1003ad6fbf13317d4b5898a9e3f14c5a9b57f81fb0a853a1b9a88539
calibration,669,pcb1/Data/Images/Normal/0879.JPG,c3f59630549168d8562f6ca52a52a3206f48aee3397a1f99490686e070ded0a7
calibration,670,pcb1/Data/Images/Normal/0889.JPG,c40bc08f9d34e38458d475ca6a85fa0bf1baf8eb90e750e1fdadae80b186c898
calibration,671,pcb1/Data/Images/Normal/0467.JPG,c4258090a62fe3da024c7b590b41f1d9ec45032f682ee5f544107012b1e8cc58
calibration,672,pcb1/Data/Images/Normal/0244.JPG,c42ce68ab8d40d5f6dff5390cd940b5034b75058183037bc4380785e91b02653
calibration,673,pcb1/Data/Images/Normal/0147.JPG,c4471270c292690c6e6e95e8629bc82482d26191cc50713f28df30dbb5e481f3
calibration,674,pcb1/Data/Images/Normal/0513.JPG,c4df1c5bc48691324f1764393582888b0de9c989df4e60acd6919470379487d8
calibration,675,pcb1/Data/Images/Normal/0700.JPG,c5011c636cca47aba3ebd3b6209e522ae1ff010c256ef7603eb36e0e2fdf01d7
calibration,676,pcb1/Data/Images/Normal/0503.JPG,c5237f0b62bfa8e9cd0c2ad5797610c21b8b62180c83f49245f5c037e80f8ef4
calibration,677,pcb1/Data/Images/Normal/0583.JPG,c5496da85714966057fd8315b57db0ad97f3c3903aceef973783d76e7e85849a
calibration,678,pcb1/Data/Images/Normal/0048.JPG,c6225d0f0bbebfea6d4bcb8348ba21bf3fac958fc66d04deb3e40fcc19c69a7d
calibration,679,pcb1/Data/Images/Normal/0489.JPG,c676869014a0b482d637207591c4beb723a6b1ef55f23041d64edddfd7901e82
calibration,680,pcb1/Data/Images/Normal/0664.JPG,c6cebe2978cd9f54d7d1e5e4792ccd162cb9a158414caf6ef7d05bae24c24bd9
calibration,681,pcb1/Data/Images/Normal/0451.JPG,c6ead11dec1ca190cbce11f319ac9488787b709ac7f64c082fc98407662a08d5
calibration,682,pcb1/Data/Images/Normal/0301.JPG,c722a87bf47945a9b323ab3f4b5a6f85f7e61ce9125315b754542b102c009828
calibration,683,pcb1/Data/Images/Normal/0060.JPG,c76d0167571da1f4b8a5f5b424523577776a9ee481d8eacc66b8dac74aaebbf1
calibration,684,pcb1/Data/Images/Normal/0561.JPG,c77ca771240af421f486375e6825bff9ba6721166c5edb4c44624e6011512498
calibration,685,pcb1/Data/Images/Normal/0941.JPG,c7ddfc3bc2daa5669235bd2c0e59e08f992180d1a671bf0176119f5dd37e3cb7
calibration,686,pcb1/Data/Images/Normal/0547.JPG,c7ec356af2d10d886364b47f98d62d2879de22f851c279262b7e92149cf09f84
calibration,687,pcb1/Data/Images/Normal/0894.JPG,c8219c2dd0a9e23641e220eb223dd3068cba2e81fd6b9f978ff6f75ba4cdc169
calibration,688,pcb1/Data/Images/Normal/0678.JPG,c899e1b4cf4fe5c5bbc874c2d528423342d19875d112de166f5221d8f4a4cae9
calibration,689,pcb1/Data/Images/Normal/0295.JPG,c8d325a8c88bed4fd20ceb1e1a0f0915d8f717257f604cf7d0343a6362810714
calibration,690,pcb1/Data/Images/Normal/0263.JPG,c8d83aee0dc343cbb5efd5b045dfb96d78222446efa931957b91401c7df44531
calibration,691,pcb1/Data/Images/Normal/0432.JPG,c8eea7d9868224b039712a6cd657cb2b8e027c1d160d65188c1193be00e0ad40
calibration,692,pcb1/Data/Images/Normal/0896.JPG,c90c833223a76ef33b3ae3a8db86bc868574bf4f557586252c6d50f971ba8b0a
calibration,693,pcb1/Data/Images/Normal/0069.JPG,c978a1653462b5d8fb33da537a3c4adf75834b213bfe6dee609bd75a3de4f2b9
calibration,694,pcb1/Data/Images/Normal/0611.JPG,c97d401863da0d7bbab587701544c9a58bcb307eb9c85f0a78ad8a4948cc7832
calibration,695,pcb1/Data/Images/Normal/0908.JPG,c98a18051b2e772bd71b3f810c1f63cce79e3fe47b423d1ca45210ad4bd7f93b
calibration,696,pcb1/Data/Images/Normal/0692.JPG,c9fb4a06104acac86201da04f80deda50235181903e9f34574025a39a09a164d
calibration,697,pcb1/Data/Images/Normal/0260.JPG,ca2997c1a62519fc4672c9625d9ea956eb3376d48bbd1c4a106b6861851b47ad
calibration,698,pcb1/Data/Images/Normal/0567.JPG,ca64bfa8f4a1d608d75432bacd9750d8a081cd03630eae1af1006c93855b284d
calibration,699,pcb1/Data/Images/Normal/0248.JPG,cac3f972cf2fdb67b44b8889693bb3ed3d1a232133cd6c93ae1d60675df0fe35
calibration,700,pcb1/Data/Images/Normal/0555.JPG,cace0f823190e614b870f8f0099d3efe345062f1ab7b9f9dc562b13131fd9fa9
calibration,701,pcb1/Data/Images/Normal/0328.JPG,caf8eafa7d6700e6f60eeef82ca79cd307bf15e26a591b5e7bcaed5f23b29461
calibration,702,pcb1/Data/Images/Normal/0522.JPG,cb43e3b616008a134d8c69aabaf971c722e7d2141580dd1b12634e9452f48a67
calibration,703,pcb1/Data/Images/Normal/0169.JPG,cb4b18664039f4481bfefc14fcc9f941957790c2293dedc32a63b914b11e5cc4
calibration,704,pcb1/Data/Images/Normal/0325.JPG,cb5d4cfc797fb7397e1d0b5b3fc46474612d4065e3a481fc0175588513dd6b07
calibration,705,pcb1/Data/Images/Normal/0157.JPG,cb77625d5558125c1c2c029ceedc9134e067b03d434970c60b71031013c49a7d
calibration,706,pcb1/Data/Images/Normal/0949.JPG,cc468ccd259b824220b5ef78106fc18a7f01c16dad51f8b37da7f2a359163533
calibration,707,pcb1/Data/Images/Normal/0526.JPG,cc59545a0fb2223d6ed4496b3ad688dab50fabd36c67cced34e6a3862b6bb5c7
calibration,708,pcb1/Data/Images/Normal/0722.JPG,ccc6904d7d237ff3b3bf8777fe9d1fbf6a1d9d46390fbe6910ec8e37dd965c9d
calibration,709,pcb1/Data/Images/Normal/0884.JPG,cce80ca18aa4203a20faf3efe99912b54f16c1605912a3a18ab3e2b48b53face
calibration,710,pcb1/Data/Images/Normal/0716.JPG,ccf3972925eee3e17f37b1fb4b5b72b153693accc46e8b4e848e6a7f92d7c1a8
calibration,711,pcb1/Data/Images/Normal/0634.JPG,cd46a43a19620dbe411a4d5f7baee31b7ba3185716eecaf5c57e8bfee0a4f9d6
calibration,712,pcb1/Data/Images/Normal/0576.JPG,cd519eb42d78a2a1b75e8d626e5cebf7a68418d6d326e6fece1ee85299051eb0
calibration,713,pcb1/Data/Images/Normal/0092.JPG,cddeb38fdbf417ad4044084cc46ae4925003e97411c504b929baa61abc3119aa
calibration,714,pcb1/Data/Images/Normal/0031.JPG,ce0153367d433d1d8c4e4a9c2f60d16c068204172cdd591af7c9ea9b1fcebbcb
calibration,715,pcb1/Data/Images/Normal/0245.JPG,ce2384e996cf457df4622d5a9603427f6883ab0ad7bf362d08983ef71fdcd1e6
calibration,716,pcb1/Data/Images/Normal/0718.JPG,ce3ae6f6f09270465489751684edd32e17edf9ec99e23f74ebebb18dc1dcc804
calibration,717,pcb1/Data/Images/Normal/0951.JPG,cfb0dfbb1c6bb3b6dc4c66a9eca1627bece3bd50148e0e3a8f7d5d7322529a1c
calibration,718,pcb1/Data/Images/Normal/0097.JPG,cfccb4efe4fd76a50fd18ca79be73a21be149a1813bad7aef213e36015b420c6
calibration,719,pcb1/Data/Images/Normal/0695.JPG,cfd880f06df769915bf95201d758ae213a782c1d5bfbde8bf546ff95b1517e29
calibration,720,pcb1/Data/Images/Normal/0127.JPG,d007cc6501f52ca83bcd339a50fb2d7945b5d86b3b57d3617e0895e983ab101d
calibration,721,pcb1/Data/Images/Normal/0313.JPG,d04b76a18f0f4d55f842dc042f7019b8dd648b780c9c970eaaeae3efe77e65ab
calibration,722,pcb1/Data/Images/Normal/0068.JPG,d0745617f440baa2c6f9845e4de89300fd8768c473c0a32dcf71035a6976b9db
calibration,723,pcb1/Data/Images/Normal/0858.JPG,d09ddde991305090038d4622043e92a62619527fe80da81b08ce5cd3a78ea495
calibration,724,pcb1/Data/Images/Normal/0697.JPG,d13209d49c8358627a810f68295dd266c0d4664daadf0c275d00627f8969dc00
calibration,725,pcb1/Data/Images/Normal/0819.JPG,d14a6901a486c1e343fcadac840a8feadddc1039067663635780b0f8c5b55185
calibration,726,pcb1/Data/Images/Normal/0782.JPG,d181eab14b027ba7bff84c450bcb68e548ffa564482a67ab2cbc4df55fadb99c
calibration,727,pcb1/Data/Images/Normal/0535.JPG,d1a85b64b761e42cfd8a53c1f65883e7408a2f40b7f93e4b396c8ef4fa4e1520
calibration,728,pcb1/Data/Images/Normal/0534.JPG,d1ec4fad423fb9649c55ff52dd3e9d905cedd87277aff432414a24fe1bf2139e
calibration,729,pcb1/Data/Images/Normal/0717.JPG,d227de86921dfc2fb57556ccd1e32006648c7debe3af8be4ba8fd01c5fcb55de
calibration,730,pcb1/Data/Images/Normal/0904.JPG,d284492934eb3f9f04fd96139a2a5923a057e88c017fb4ddcdebfe1a0001bcdf
calibration,731,pcb1/Data/Images/Normal/0835.JPG,d2c7a4edc83daaf7307bcf69f7c60a0195b3175f8f0cf2c457f82c8ce29d3b7e
calibration,732,pcb1/Data/Images/Normal/0794.JPG,d333c2585eb0fcef4be7a428c4975aeb5e07a6ee5c977f56df011ef783a3020f
calibration,733,pcb1/Data/Images/Normal/0468.JPG,d3fa7b66b02f3e9eb60f00b11a9cb67687d636dffff726671727759a7bf68a68
calibration,734,pcb1/Data/Images/Normal/0204.JPG,d44a8f94de4d2639316c08aa3c04f47d1bdc76b8d3e34921360150d75ae1e3a2
calibration,735,pcb1/Data/Images/Normal/0308.JPG,d465effef5e8c94e8f13a0288db12fca96c17c124ddbec020104e7ce4c9e8cc1
calibration,736,pcb1/Data/Images/Normal/0826.JPG,d4cfee3fd18d13cdea0a74d254587b7e2b72b4bfd09fa8c3bac9efbc9cb3176c
calibration,737,pcb1/Data/Images/Normal/0981.JPG,d5e095e4366409ab1bdc278842226fa9e18577308dd74462d7fbab2ae932e0cc
calibration,738,pcb1/Data/Images/Normal/0224.JPG,d654ad8c10da61a8687932e94759309870f6fa839ac774ed85bfded963e6d723
calibration,739,pcb1/Data/Images/Normal/0614.JPG,d73f4ac559bdca35dc447ea9be74b31e854bc18af7f77467c8344772494c3aba
calibration,740,pcb1/Data/Images/Normal/0387.JPG,d76d0f6c1eab0c19a037f515b2da3ddd8d64d825162899add29e7376b19e9b78
calibration,741,pcb1/Data/Images/Normal/0943.JPG,d7908b3684b160ad591d85eae885ba1ff6d9dff4b7e9c0a60fa8c8388f98cc40
calibration,742,pcb1/Data/Images/Normal/0810.JPG,d80e77cf757d4a10d264007d306a0d506831ae6ee3f35c9de833db412e826f81
calibration,743,pcb1/Data/Images/Normal/0709.JPG,d83fb8de08ed9f0c737b2f5575a96ce9e62661e61f810a7c894d6615aa18365b
calibration,744,pcb1/Data/Images/Normal/0044.JPG,d853c94e288114619c87deb95077c2034c3277b1f4aa583c184ad01a73624926
calibration,745,pcb1/Data/Images/Normal/0945.JPG,d8ab4ae846fca88a71ff2a19d2552869a0f5c8f0c01636cc388ad599d18a7337
calibration,746,pcb1/Data/Images/Normal/0126.JPG,d8bc0a1711ff7cae1f8747e47cc69a4a913fae3e41460771d3abd75c8f5108f0
calibration,747,pcb1/Data/Images/Normal/0870.JPG,d8cd119f61f6c04b2ea0ab32ccf1804dcf3349d795d57854768a2eef1ccaa4c1
calibration,748,pcb1/Data/Images/Normal/0911.JPG,d8d21845213555b2e293a0656746978b08739f6dfda4b8ab6f3513a710df8951
calibration,749,pcb1/Data/Images/Normal/0599.JPG,d961c383dab5e47392a342b662ea5876f9b4d6e54e02318c3ff1d56f8b506160
calibration,750,pcb1/Data/Images/Normal/0280.JPG,d96f222b16f23afc4fb6f43c67d3e5a08eecf32e797a439bd79fa4a423902430
calibration,751,pcb1/Data/Images/Normal/0902.JPG,d97a4a7caf0e9af3b66d0c109ec3f8b63bb23373eda037e809564017cce72369
calibration,752,pcb1/Data/Images/Normal/0250.JPG,d990a028a1c771bf7985b15b3f1954492e2ead485d9081b7f71a9c11056ac482
calibration,753,pcb1/Data/Images/Normal/0699.JPG,d998e550441b553c3699e92bb8fb0abe2405caad7935a11237cd46cd7ad86c5e
calibration,754,pcb1/Data/Images/Normal/0249.JPG,d9b670a0277f3f0226f3caf410bddaab07ab87d447084489053b8f4e1ec9631b
calibration,755,pcb1/Data/Images/Normal/0745.JPG,d9b7b51db4c6adcf76aea4f3be96dfef9c0a6634f2fc596457d255c29ab30f26
calibration,756,pcb1/Data/Images/Normal/0662.JPG,d9bce31ea9d55bf329c6774da7d8ca58ba45dbd77cf9431a3cda3cc0b46920db
calibration,757,pcb1/Data/Images/Normal/0076.JPG,da08118ba3156dc720b20ffa031c2cb169e554e201da83965817d001071f4524
calibration,758,pcb1/Data/Images/Normal/0565.JPG,da15e89dfbc8603c8ccc7c5b260a27b08a9d78a850244e9270c2b14f72a209d6
calibration,759,pcb1/Data/Images/Normal/0922.JPG,da226d88aa284512cacb8c0917da5e61a4c13629d7c3c0621d5932ee243b1dce
calibration,760,pcb1/Data/Images/Normal/0491.JPG,da37c1119b5b16e82ac8e96e5cdad961cd0c7dffaf64fc52002844f3edd819bb
calibration,761,pcb1/Data/Images/Normal/0238.JPG,da4240debe57ab67ab186bb5138aab3b4b291878fe3d187d10cb90b99518ab81
calibration,762,pcb1/Data/Images/Normal/0594.JPG,da51e846f6e970b821f6aac3434c0937de3aca589079b203f2f94702675809d5
calibration,763,pcb1/Data/Images/Normal/0521.JPG,da9d5ab7e391ce50ca07414ea5ab2404eab835e5152ceba35689774946fccbfa
calibration,764,pcb1/Data/Images/Normal/0918.JPG,daf47f7ace08e04febe8081149ae307ea66d424e84134aa6cc75bb1472099e52
calibration,765,pcb1/Data/Images/Normal/0864.JPG,db05d3c582d954cc604977d56042917645c0312bf9a0762aae905bdbc38a31c4
calibration,766,pcb1/Data/Images/Normal/0676.JPG,db3f6b3c0b5a2af2ef60ff43694b1321007c999ef5dd90017bdb9c4d90d66b96
calibration,767,pcb1/Data/Images/Normal/0005.JPG,dbd8c7f3c0de83ac5e44b6eaa30413267766a0c7257584a13bad12664f3cccf1
calibration,768,pcb1/Data/Images/Normal/0361.JPG,dc05ef55f5bed422c231362f8cf0a648e8508237af6549c3cb4f665261854a4b
calibration,769,pcb1/Data/Images/Normal/0164.JPG,dc33066f0e5cc5315b3084bd4e5f090b553aaa7a0bc55d904041036cd6fe21b3
calibration,770,pcb1/Data/Images/Normal/0564.JPG,dcd6d147b49bd9d4ce482295365ea9c8bd6d20a6fdd6a4f7f6416a31044f78d0
calibration,771,pcb1/Data/Images/Normal/0258.JPG,dd2e9bdfbecbaa0b700baa7151807ec16f723bb2ce5a0f1e904ddd4c51de45c8
calibration,772,pcb1/Data/Images/Normal/0212.JPG,dd2ff062243ff22e447205b4289e35d4072caf96bcdf1103f96ee2df53fa3863
calibration,773,pcb1/Data/Images/Normal/0550.JPG,dd62c420fcfd0ca8b3865a77b5a62c3ce20a0349c9ade78cbcf5dd24347a3058
calibration,774,pcb1/Data/Images/Normal/0184.JPG,ddbdaddf8f915cb18f441a920cb17a80b74dac6b17484dba3d4762e82c1a9638
calibration,775,pcb1/Data/Images/Normal/0575.JPG,ddc6f55919f13207ac3d595301f00eb5e286668443dfa676392519c9d176b452
calibration,776,pcb1/Data/Images/Normal/0831.JPG,de132ac8dc559e8b23ba8db05f84e286931b835a20abe7c4ef2ada133295c042
calibration,777,pcb1/Data/Images/Normal/0138.JPG,dedd835424a911bcf1b6745173112b6a8de35396d33c3ef34de4faf44d04fe91
calibration,778,pcb1/Data/Images/Normal/0729.JPG,df2201ec3492bc076003f7c8e4aa6ea113ea6bbccbd11ee810bf1e0e09ff64d5
calibration,779,pcb1/Data/Images/Normal/0103.JPG,df5bebf054929492355601c4627b9e75dbf422cc6fb092c4cb2c5b797e11fe11
calibration,780,pcb1/Data/Images/Normal/0712.JPG,df77028278f3bb8ca192816549ffc2885c6f4a24d9d7b65915b2bfeb52668eb6
calibration,781,pcb1/Data/Images/Normal/0570.JPG,df9c40fe05976719fac410c0cd65da59d7c3042b76ba8897cbdf54fc8a618888
calibration,782,pcb1/Data/Images/Normal/0506.JPG,dfe579415169852e812d31ead1f7bb6dd15919db6763a5cd538172bb8c739d85
calibration,783,pcb1/Data/Images/Normal/0364.JPG,e04241476f43b1a6e5e33dacbbb725e159e3bbda76464af447c653139df66391
calibration,784,pcb1/Data/Images/Normal/0801.JPG,e05e630c798c2500fce32bddfff639c4b757e322e6127c58c850cc1b73c3004a
calibration,785,pcb1/Data/Images/Normal/0382.JPG,e08d729c169ab645527f6532b7d83dbe8a2eba131a125802693bdb3cbf71341a
calibration,786,pcb1/Data/Images/Normal/0494.JPG,e0aa1386ac2aab1693b688db510af5e5d452ccc5b2611be826c958b6978537da
calibration,787,pcb1/Data/Images/Normal/0934.JPG,e0cb03fbafb3c0da00792df0cb9295b1ac7c5c3ee0928f969c041e8a363b1b6b
calibration,788,pcb1/Data/Images/Normal/0330.JPG,e12daf1d9fc970567d9f3a7111427a7919ebcb4fa7465cb31c3b7a91033541fb
calibration,789,pcb1/Data/Images/Normal/0828.JPG,e140bfbcd91dcf4b5b741b5c90b23519e8a9a67a1e6ed961973e60026be21040
calibration,790,pcb1/Data/Images/Normal/0398.JPG,e1b2500f1dc533bf8ae31f76508be7bea6eeac67428883ea2775a1f045f720dc
calibration,791,pcb1/Data/Images/Normal/0991.JPG,e1cfbdef6ad748b5ec0ea5ca3a7cb75f8a2e039d759277a17bb9302ee87305fa
calibration,792,pcb1/Data/Images/Normal/0221.JPG,e24b19f6798fea36af9434c3760e0909d77fdd17ac0037e267b5f1cd0c3c4fd5
calibration,793,pcb1/Data/Images/Normal/0379.JPG,e27e7c485994dfbfbb39ad5db2b6bdf9f19597352864d4394854c76a3bc47672
calibration,794,pcb1/Data/Images/Normal/0010.JPG,e2aa4ee8efd4e4bd76cfca71cba2b8fb25365f8bc72a59893871a0888d7704b5
calibration,795,pcb1/Data/Images/Normal/0660.JPG,e3e8bb390bb21fcc6415ccebd86367b51122d3a471ce30d2c5e9eea0dff3a464
calibration,796,pcb1/Data/Images/Normal/0084.JPG,e3f7ad97b8e8f52c70b464c2a9866f171b0b241b603431a11d4f0161c851471e
calibration,797,pcb1/Data/Images/Normal/0051.JPG,e45356fd175a1fe8ccc367318bc6c999d724ed6b981370e66c22f03cddf3a2bd
calibration,798,pcb1/Data/Images/Normal/0785.JPG,e45dab5c0a9d4a3d9cbdcc98224389a744629b7eb10a905143b5fdab21286e18
calibration,799,pcb1/Data/Images/Normal/0276.JPG,e4a53cde8b6112bec7df4e393eade5710b449ce9d4cd519760a1ac8ae7fa9eb8
calibration,800,pcb1/Data/Images/Normal/0737.JPG,e4e6c7e69708b2c199269b89772fac1a9365ab2bdcf886b95374b41786719510
calibration,801,pcb1/Data/Images/Normal/0557.JPG,e504b852e5be0e97c1b2e7f1167528be207ff208d5c1bd20f1a3aa3fb9ea8779
calibration,802,pcb1/Data/Images/Normal/0253.JPG,e55075a9238c9c0b632cb06b9d3d757e5c18f8ea033e546206e6e48cbc920534
calibration,803,pcb1/Data/Images/Normal/0401.JPG,e67e00d1905c8c6916260c1e342942556228bdfbdee159e97f739b82fd17d615
calibration,804,pcb1/Data/Images/Normal/0763.JPG,e687baf08059015b89f987dbf11d6fd3af977cf2b46c190182134b0c06902166
calibration,805,pcb1/Data/Images/Normal/0504.JPG,e6a51a7bcbabedb39f5c380f6054c1eb776b2cbed58cfbe55038ec550ab77900
calibration,806,pcb1/Data/Images/Normal/0527.JPG,e6d57d5db633df5ccc2f9e3c962f5465e411ed66f9976b76ad14b760e26a02fa
calibration,807,pcb1/Data/Images/Normal/0832.JPG,e6e77a20861342b64d1ee83f1f4b127d48fba8b7400c4e22f8801187b132fccb
calibration,808,pcb1/Data/Images/Normal/0108.JPG,e6fef5f234526449dfb21db442d61ba3e7960e1b23a451f60b05d9d86633354f
calibration,809,pcb1/Data/Images/Normal/0912.JPG,e70c591c7a786c28f56238cb9bdef7da05bd2de64e708e2c3410f10892da287f
calibration,810,pcb1/Data/Images/Normal/0443.JPG,e76b414a206ba04b28455179a1f84f051c5a27cb6338856a450cbd7b000f9fcb
calibration,811,pcb1/Data/Images/Normal/0476.JPG,e77d7919941fd59f37628714cecf52be06531c86bd8a4c4a4c2ab5cb838a5643
calibration,812,pcb1/Data/Images/Normal/0081.JPG,e7debe91f36af774dd357a5d77248dae4063dbf52ff98238c2efb72ffb19d759
calibration,813,pcb1/Data/Images/Normal/0898.JPG,e8028f7ff9c89ca4970a37b0e9e7e34b0c74adcf4cd87d37ddc52c4d3a712b97
calibration,814,pcb1/Data/Images/Normal/0438.JPG,e83e2d9a8d34f0a36891e1a30319b9cc6f8dccf78d956b8629f891690bec673a
calibration,815,pcb1/Data/Images/Normal/0381.JPG,e8454024ba049490903155220a056899e9154bb5fa0464920e0a2079ecb2697f
calibration,816,pcb1/Data/Images/Normal/0771.JPG,e8d04fd0b52d7712e80c501c985da439d3368415ceb2bf497c8c78f051f7cba8
calibration,817,pcb1/Data/Images/Normal/0559.JPG,e955e0867f1c6c021bd1d5020d8bb6b7a539b79d9d1a52455f80671158957284
calibration,818,pcb1/Data/Images/Normal/0460.JPG,e95c01a372bbcd78db245e7b5bfa3041462a309c5304693653f0d37aac41f4c2
calibration,819,pcb1/Data/Images/Normal/0176.JPG,e9b2ebe58e769a5435bef1fff57182d6c179ab2b09ad39e4812b82946d3e1d2a
calibration,820,pcb1/Data/Images/Normal/0129.JPG,e9f1f49249def95ae623da3d6353276161c436b484f62ec2cd57fb549a09af82
calibration,821,pcb1/Data/Images/Normal/0271.JPG,ea69ab1693f5c510965ccb97754abdff9df88b6cc2fc4ab83984db48fea5e35e
calibration,822,pcb1/Data/Images/Normal/0750.JPG,ea80ed305186b013bc869fa13cc1fe3dd7db4ad587d97b962286731eb8b576dd
calibration,823,pcb1/Data/Images/Normal/0267.JPG,eaedd9dda8886487e2e09cb26da47d3442dc18bd8cdeb0f10a12d770037cdcea
calibration,824,pcb1/Data/Images/Normal/0972.JPG,eb1719f20dca4c8e2d691642d1d2102190cf2c44179bb6a703eca0d2efeecd81
calibration,825,pcb1/Data/Images/Normal/0493.JPG,eb5df632f933abc5069b9c0c4d7dfa5adde9688c926b7c1b0f316101f6760d6e
calibration,826,pcb1/Data/Images/Normal/0549.JPG,eb9d62b97a6af9273cd27116022f8533a7a8c1ed2c01865524446f2a127af1d3
calibration,827,pcb1/Data/Images/Normal/0302.JPG,ebabd271966f4e2f1a7a9cc12e312585b61ca0c4bc6a891af44f467e6a0b66b3
calibration,828,pcb1/Data/Images/Normal/0143.JPG,ebb5acd6d8bef9cd5eef655bfe40d0d664144cb4234dce83f32a24161e40612d
calibration,829,pcb1/Data/Images/Normal/0039.JPG,ebd755462cab713eece5c10e82a4a44655e61cce2c93ad9742a4a2734de93818
calibration,830,pcb1/Data/Images/Normal/0087.JPG,ec249befbf49696ab2a3ee780bee65a672d443f6055574576f609ef467626db1
calibration,831,pcb1/Data/Images/Normal/0816.JPG,ec43b08708b0e3786a9bd66ed92079eba6a05db29aa128f9333fa5c123ad1909
calibration,832,pcb1/Data/Images/Normal/0175.JPG,ecc7a91239f028bc17d18d5668982dbc6f2adcbc770680bb975f0ebbb65b6ac4
calibration,833,pcb1/Data/Images/Normal/0114.JPG,ece23b314d566bea3193fced73bc418fb876ccce121c053f4a0a324f9d07d5fb
calibration,834,pcb1/Data/Images/Normal/0827.JPG,ed8db7955606a9f1834a7b7d5d15dac1d7ec7efe995522bf7fcb4dcc6157963e
calibration,835,pcb1/Data/Images/Normal/0647.JPG,eda41ef5b7d63dfc3e94cbeb7db7cd3c9c94fde92ccc192255cbf5c53410479d
calibration,836,pcb1/Data/Images/Normal/0358.JPG,edbb350cd69708afb5aa266ea464cb72985c6bceaf6363df104b221ccb2385d0
calibration,837,pcb1/Data/Images/Normal/0332.JPG,edc01e220d342e72dc3226a10ccc3bc98eee47b1e65812b00b53a211f50fee33
calibration,838,pcb1/Data/Images/Normal/0983.JPG,ee1a084607cf5502c423f6a8c575ef333c3dd0d4540d686988efe55eedf3e3eb
calibration,839,pcb1/Data/Images/Normal/0539.JPG,ee4ddbe00b022a356597bacfabe427d11f24fd79d0d464edbd0920a52b149905
calibration,840,pcb1/Data/Images/Normal/0789.JPG,ee5497ef61c76c06b3ffceae9e1fc7907e1105fee94fdcee5f4ecae9673af048
calibration,841,pcb1/Data/Images/Normal/0500.JPG,eede1d291789dd09672e00ae285516164b122230493b024d61cba11ed0189c6f
calibration,842,pcb1/Data/Images/Normal/0075.JPG,eef567a0ccbcd455e04fc7cb2be97fa83a15b2baf4892dbe23b4f89630422467
calibration,843,pcb1/Data/Images/Normal/0032.JPG,ef5258e087f717ee37219e5d44e1190f9bb611abd73ca330c63e077471d17f8c
calibration,844,pcb1/Data/Images/Normal/0998.JPG,f01ce66408c6bb5a3231cad944bac49806ab9625f8d677ec302bc51afd673dc2
calibration,845,pcb1/Data/Images/Normal/0405.JPG,f04497a540f5e640c410f297eef43b6ca0e4fd55fc9e732f6438928ffaa995ca
calibration,846,pcb1/Data/Images/Normal/0642.JPG,f08861a993dee219f4a6be1bf3f4a9c2573db6b0ba0edfa6a468515df9f9e2a4
calibration,847,pcb1/Data/Images/Normal/0403.JPG,f1621f6d76414d3a0b9966d6aec80d7266dd3e47b2478201ff5011ffc2801088
calibration,848,pcb1/Data/Images/Normal/0066.JPG,f1a59d585818461f46e19446ca33d41becd3a3bfa8ce1a077d1adb3018e79f84
calibration,849,pcb1/Data/Images/Normal/0548.JPG,f2257dcafeccad1978285c1b2efed75fb84125acef74eaa4ad3e3a2c2cf9c5aa
calibration,850,pcb1/Data/Images/Normal/0359.JPG,f246f552fdf6d42016004970a4bcbf8b6805b1d37a47e1d1f248a0505f3e1a2e
calibration,851,pcb1/Data/Images/Normal/0955.JPG,f247663e88d02b5e48838aa2b2f57fcde3ea1ddb3595bab1dce4ccde792ec11e
calibration,852,pcb1/Data/Images/Normal/0956.JPG,f26f768075b81f9054cfc75f45c7ba8cda6155b6bc8f5cb671fc1bbb05aa518b
calibration,853,pcb1/Data/Images/Normal/0723.JPG,f2a0308cb7a87054301130facf2616ceaa0fea87a03256b149156a47118c96bc
calibration,854,pcb1/Data/Images/Normal/0584.JPG,f2a90f26f53756a535400f0abe787a1907ab402973f6197ff760a4cbc97e1cb6
calibration,855,pcb1/Data/Images/Normal/0928.JPG,f2b0b814639b510b2cedae7708c22f2c06cdff138b43d538a2f5dc366b9438a5
calibration,856,pcb1/Data/Images/Normal/0481.JPG,f2bffde30ca550762ef2f444fc39392e34ee3eeedf8b896c64924da2476c9fc6
calibration,857,pcb1/Data/Images/Normal/0562.JPG,f2eb11ea83405e612837501bc84f0629e49bd1dcc1e14bfb2f0efc82d1a3b7c5
calibration,858,pcb1/Data/Images/Normal/0291.JPG,f3047b2a522ab860e44b841bf55466733dfce79319cf36fc7c81edfc207272b5
calibration,859,pcb1/Data/Images/Normal/0035.JPG,f313451d244baf84190cda6352e60a33cc7e6fb69efbddc29613836ca3ecb3bf
calibration,860,pcb1/Data/Images/Normal/0342.JPG,f32b4fcb548d4f3a03456843ecbee75330d688559d32d6960ab9016eb884f7bd
calibration,861,pcb1/Data/Images/Normal/0616.JPG,f3571ddfa4b300eb542dc6e34236adc73bf97e83398f3061b1b49fe524b76a28
calibration,862,pcb1/Data/Images/Normal/0589.JPG,f37e995299d4be1d483572a15ada91081cf50c88c34ac8e284d302cf880f6e36
calibration,863,pcb1/Data/Images/Normal/0668.JPG,f393808f8b7c8beba41503407f7ea8aa68ff094517044907b0699b86ac787370
calibration,864,pcb1/Data/Images/Normal/0865.JPG,f3a25174d81946a0077e721ea81bebc50ac4427f37906b71b78de405cc1838dc
calibration,865,pcb1/Data/Images/Normal/0012.JPG,f41a61f5ad01882cd93f6c3ac57774ba4a0eae9882ffa1deb1de38c9e656d8b0
calibration,866,pcb1/Data/Images/Normal/0960.JPG,f41d2d443abf3ab4a9102669aee8a001c4b99e1104a3e5f88870d1e268e69f63
calibration,867,pcb1/Data/Images/Normal/0640.JPG,f4a0e7875e87df42731429792f83a681e5282a2414da14fe93faed707cea7e3e
calibration,868,pcb1/Data/Images/Normal/0431.JPG,f4a6604071b0eee1fabca3c02b3b642905f3a0a07d2f1a90e104f65e56fc5983
calibration,869,pcb1/Data/Images/Normal/0824.JPG,f544b51b25dff4d3f7cd991912ee3c145da3326f954e807d30ab421dd3e28451
calibration,870,pcb1/Data/Images/Normal/0466.JPG,f5c01480afc2df56c69ded590c67bcc2691f1b926fa7dc04db02cd5f40c751aa
calibration,871,pcb1/Data/Images/Normal/0210.JPG,f6120b03b210817bd3ac532306e7cb6e51856e7a714367d1dab2ad44eb908594
calibration,872,pcb1/Data/Images/Normal/0639.JPG,f656f7132420180d41e5457e6942698b763ae94f6156a444727d944f8c1ede01
calibration,873,pcb1/Data/Images/Normal/0089.JPG,f6bc2cd54291ba9d120e695635ebc0e6e5fb91fdbbb6901f1cbc5cee8ae8d766
calibration,874,pcb1/Data/Images/Normal/0160.JPG,f6e01bced4a96c601581ee624c7f1a11bc5d1ac7c0a03f0d19cdf04b44c4f033
calibration,875,pcb1/Data/Images/Normal/0321.JPG,f6e76dbdaba23e89f31d47b82cddb3cd5b5ec422a4da1833b002ecf796a48c50
calibration,876,pcb1/Data/Images/Normal/0653.JPG,f705119f0c6b9dfd3b1c7eb7818cc03a3a84bdf37b961a3d230eb00f71ad422b
calibration,877,pcb1/Data/Images/Normal/0937.JPG,f7648ab84b1497457db9047780d93c9bf0d535daace2bf4c644d0d3ad4f992b7
calibration,878,pcb1/Data/Images/Normal/0455.JPG,f76a52437af68fe4185432e4261f3cb8e6e50be4e5e4804d9b39c7895dc71ef0
calibration,879,pcb1/Data/Images/Normal/0689.JPG,f7d6581b23021ace80db4ef57233db9a4c7946e6c15107cc7a7990a08498cc83
calibration,880,pcb1/Data/Images/Normal/0523.JPG,f8509966bc4cbf2696d8dd8fc5ce9ec7bf5aa9148699a3312e4e82efe86cb600
calibration,881,pcb1/Data/Images/Normal/0646.JPG,f885d30e54b3f28d45e20c5ab67dcc6a97d558ec00f2b4d266e07f916181c46a
calibration,882,pcb1/Data/Images/Normal/0061.JPG,f8bcd0b1f1e8ee5a0bff966abc7ca990a998e27cff7d98b381c99d45a23eed52
calibration,883,pcb1/Data/Images/Normal/0836.JPG,f8e32bbbad216ba3eec1778258627440ce9f8c2458d88ceddec4d34465d764ec
calibration,884,pcb1/Data/Images/Normal/0886.JPG,f9636a8b5baaf91d9826c4932029ce6ee9aa51f6f5541af11ede458bedde12d6
calibration,885,pcb1/Data/Images/Normal/0887.JPG,f9b0287da891b723aa9bc2584413bdd9fb854aefa1178292e830a882e5d0ecd9
calibration,886,pcb1/Data/Images/Normal/0720.JPG,fa0c5bf002813f8c48ed402526e93511ada1fea524c6092136a851d85dad04bd
calibration,887,pcb1/Data/Images/Normal/0529.JPG,fad239e880552708a6ee47aeffd46e859fca075f8cfc4410d2950e45f789c971
calibration,888,pcb1/Data/Images/Normal/0861.JPG,fafd0f012f54d08efa7a0f88211fe20c37a7aaa1c8364255478ffa0b351748a1
calibration,889,pcb1/Data/Images/Normal/0706.JPG,fb614121cfd455568cf42451a9e18b93387422df78569c0da063a026c60f739e
calibration,890,pcb1/Data/Images/Normal/0830.JPG,fb95a3fb20b599ac43669bd2b1a5941dedeb4761d841a3cf91bde5fc0099fe4a
calibration,891,pcb1/Data/Images/Normal/0414.JPG,fb96f43629a145de873ebc06b965080480c6ccd07336918d121cb31d2e3515d5
calibration,892,pcb1/Data/Images/Normal/0606.JPG,fba942508dd26109b060b7b3ce3531019600d347ad8ad9e102735cbe2a5fef74
calibration,893,pcb1/Data/Images/Normal/0034.JPG,fc43aabf3446180d6b1e832f421db46fb55a51f62972d1a573ff1d111374c17a
calibration,894,pcb1/Data/Images/Normal/0591.JPG,fc97178c702e0c180e3ccbafd547513d0aacaaf7e178c5f6a1c4d3097b3a4e3b
calibration,895,pcb1/Data/Images/Normal/0888.JPG,fcf4aea2390099a8bb106038a3ad696fdeeaf91f00692e44957ba86c1b193ea2
calibration,896,pcb1/Data/Images/Normal/0501.JPG,fd0051fe956511da57ca2dc131d0e57e891678ab36ce20873dc3d063920a47bb
calibration,897,pcb1/Data/Images/Normal/0728.JPG,fd5a53033fb22917a123d3554b8f14db2b8e42922afb817cbf084cb7135558b8
calibration,898,pcb1/Data/Images/Normal/0397.JPG,fd66f2f646667866d962047f6754f66c9b32b41895d8d8116860e9761296a017
calibration,899,pcb1/Data/Images/Normal/0499.JPG,fdf11b297dc4c9adda762f7c183abf90c1c82657e5dd3598c0cf627077084ebc
calibration,900,pcb1/Data/Images/Normal/0769.JPG,fe3cb08b421f92e61fbe107f0bacb61f2d33f5f53bbef0f01a7542a9599ae76d
calibration,901,pcb1/Data/Images/Normal/0324.JPG,fe67f6db72fa93fdf29fd9c71a8bc558b4e0d1c25e22acd0d1b23ce89d1d91ca
calibration,902,pcb1/Data/Images/Normal/0630.JPG,fe79c61f98be443657607e8edadeb85ed94e026194925d92d0aa68322a4cb88a
calibration,903,pcb1/Data/Images/Normal/0978.JPG,feaa2aecb32cf8760dfaec9893039c3ba5d88d5dfe1b315c9350017cd051c360
calibration,904,pcb1/Data/Images/Normal/0473.JPG,ffb10bc24e9ed591dffef192d68d947217fe25045f5d6b13abfff1a9c355a33d
