contract_version,diagnostic_id,method,selection_rank,condition,base_image_sha256,score_status,score_failure_code,anomaly_score,threshold,above_threshold
diagnostic-artifacts/v0.3,v0.3.0-pcb2-development-diagnostic-1,ecc_residual,1,control,0e5fb0ad9534b8e3fe67d68464f519d7ad8176874e63185f1136b29945314a17,ok,,0.2511920970074738,0.6219927985456926,false
diagnostic-artifacts/v0.3,v0.3.0-pcb2-development-diagnostic-1,ecc_residual,1,brightness_085,0e5fb0ad9534b8e3fe67d68464f519d7ad8176874e63185f1136b29945314a17,ok,,0.2323797810304014,0.6219927985456926,false
diagnostic-artifacts/v0.3,v0.3.0-pcb2-development-diagnostic-1,ecc_residual,1,brightness_115,0e5fb0ad9534b8e3fe67d68464f519d7ad8176874e63185f1136b29945314a17,ok,,0.31658575646736453,0.6219927985456926,false
diagnostic-artifacts/v0.3,v0.3.0-pcb2-development-diagnostic-1,ecc_residual,1,gaussian_blur,0e5fb0ad9534b8e3fe67d68464f519d7ad8176874e63185f1136b29945314a17,ok,,0.24403047958381066,0.6219927985456926,false
diagnostic-artifacts/v0.3,v0.3.0-pcb2-development-diagnostic-1,ecc_residual,1,translate_4_4,0e5fb0ad9534b8e3fe67d68464f519d7ad8176874e63185f1136b29945314a17,ok,,0.24310732822755218,0.6219927985456926,false
diagnostic-artifacts/v0.3,v0.3.0-pcb2-development-diagnostic-1,ecc_residual,2,control,0241c591669dd0e80a3c84adcb5947e5a3a8402146207d90dde66d71038a43cb,ok,,0.2593431624996511,0.6219927985456926,false
diagnostic-artifacts/v0.3,v0.3.0-pcb2-development-diagnostic-1,ecc_residual,2,brightness_085,0241c591669dd0e80a3c84adcb5947e5a3a8402146207d90dde66d71038a43cb,ok,,0.2578157705973975,0.6219927985456926,false
diagnostic-artifacts/v0.3,v0.3.0-pcb2-development-diagnostic-1,ecc_residual,2,brightness_115,0241c591669dd0e80a3c84adcb5947e5a3a8402146207d90dde66d71038a43cb,ok,,0.31322638142838255,0.6219927985456926,false
diagnostic-artifacts/v0.3,v0.3.0-pcb2-development-diagnostic-1,ecc_residual,2,gaussian_blur,0241c591669dd0e80a3c84adcb5947e5a3a8402146207d90dde66d71038a43cb,ok,,0.2514865066620368,0.6219927985456926,false
diagnostic-artifacts/v0.3,v0.3.0-pcb2-development-diagnostic-1,ecc_residual,2,translate_4_4,0241c591669dd0e80a3c84adcb5947e5a3a8402146207d90dde66d71038a43cb,ok,,0.2597360890374405,0.6219927985456926,false
diagnostic-artifacts/v0.3,v0.3.0-pcb2-development-diagnostic-1,ecc_residual,3,control,48797429f3fe7dd67afbda08e122a2bb303c56bbce331a62025bcb8a308216df,ok,,0.3110901592551051,0.6219927985456926,false
diagnostic-artifacts/v0.3,v0.3.0-pcb2-development-diagnostic-1,ecc_residual,3,brightness_085,48797429f3fe7dd67afbda08e122a2bb303c56bbce331a62025bcb8a308216df,ok,,0.3350712680257857,0.6219927985456926,false
diagnostic-artifacts/v0.3,v0.3.0-pcb2-development-diagnostic-1,ecc_residual,3,brightness_115,48797429f3fe7dd67afbda08e122a2bb303c56bbce331a62025bcb8a308216df,ok,,0.35213711028415207,0.6219927985456926,false
diagnostic-artifacts/v0.3,v0.3.0-pcb2-development-diagnostic-1,ecc_residual,3,gaussian_blur,48797429f3fe7dd67afbda08e122a2bb303c56bbce331a62025bcb8a308216df,ok,,0.3051448831385052,0.6219927985456926,false
diagnostic-artifacts/v0.3,v0.3.0-pcb2-development-diagnostic-1,ecc_residual,3,translate_4_4,48797429f3fe7dd67afbda08e122a2bb303c56bbce331a62025bcb8a308216df,ok,,0.3085700227741451,0.6219927985456926,false
diagnostic-artifacts/v0.3,v0.3.0-pcb2-development-diagnostic-1,ecc_residual,4,control,1aa144770eb7ec74bbdfa96b77e7e3746746260c669b1c063162c76c48c7ca75,ok,,0.3511321768290383,0.6219927985456926,false
diagnostic-artifacts/v0.3,v0.3.0-pcb2-development-diagnostic-1,ecc_residual,4,brightness_085,1aa144770eb7ec74bbdfa96b77e7e3746746260c669b1c063162c76c48c7ca75,ok,,0.3773072087374921,0.6219927985456926,false
diagnostic-artifacts/v0.3,v0.3.0-pcb2-development-diagnostic-1,ecc_residual,4,brightness_115,1aa144770eb7ec74bbdfa96b77e7e3746746260c669b1c063162c76c48c7ca75,ok,,0.3547252340155815,0.6219927985456926,false
diagnostic-artifacts/v0.3,v0.3.0-pcb2-development-diagnostic-1,ecc_residual,4,gaussian_blur,1aa144770eb7ec74bbdfa96b77e7e3746746260c669b1c063162c76c48c7ca75,ok,,0.3497774768102018,0.6219927985456926,false
diagnostic-artifacts/v0.3,v0.3.0-pcb2-development-diagnostic-1,ecc_residual,4,translate_4_4,1aa144770eb7ec74bbdfa96b77e7e3746746260c669b1c063162c76c48c7ca75,ok,,0.351557106810783,0.6219927985456926,false
diagnostic-artifacts/v0.3,v0.3.0-pcb2-development-diagnostic-1,ecc_residual,5,control,d82e283d61ba710b789340298aec2abde1a0b8f40e31fc96a1a3769dcd43d83a,ok,,0.22206064751882593,0.6219927985456926,false
diagnostic-artifacts/v0.3,v0.3.0-pcb2-development-diagnostic-1,ecc_residual,5,brightness_085,d82e283d61ba710b789340298aec2abde1a0b8f40e31fc96a1a3769dcd43d83a,ok,,0.2533031184336304,0.6219927985456926,false
diagnostic-artifacts/v0.3,v0.3.0-pcb2-development-diagnostic-1,ecc_residual,5,brightness_115,d82e283d61ba710b789340298aec2abde1a0b8f40e31fc96a1a3769dcd43d83a,ok,,0.2732428944563564,0.6219927985456926,false
diagnostic-artifacts/v0.3,v0.3.0-pcb2-development-diagnostic-1,ecc_residual,5,gaussian_blur,d82e283d61ba710b789340298aec2abde1a0b8f40e31fc96a1a3769dcd43d83a,ok,,0.2151401953166547,0.6219927985456926,false
diagnostic-artifacts/v0.3,v0.3.0-pcb2-development-diagnostic-1,ecc_residual,5,translate_4_4,d82e283d61ba710b789340298aec2abde1a0b8f40e31fc96a1a3769dcd43d83a,ok,,0.21752117214575095,0.6219927985456926,false
diagnostic-artifacts/v0.3,v0.3.0-pcb2-development-diagnostic-1,ecc_residual,6,control,234b4b3ce5a61afebfb4af27009924196bb2e3a9fd83e82e0a2fc47e55b661ef,ok,,0.6244614542033602,0.6219927985456926,true
diagnostic-artifacts/v0.3,v0.3.0-pcb2-development-diagnostic-1,ecc_residual,6,brightness_085,234b4b3ce5a61afebfb4af27009924196bb2e3a9fd83e82e0a2fc47e55b661ef,ok,,0.6105086686238961,0.6219927985456926,false
diagnostic-artifacts/v0.3,v0.3.0-pcb2-development-diagnostic-1,ecc_residual,6,brightness_115,234b4b3ce5a61afebfb4af27009924196bb2e3a9fd83e82e0a2fc47e55b661ef,ok,,0.6531204139633018,0.6219927985456926,true
diagnostic-artifacts/v0.3,v0.3.0-pcb2-development-diagnostic-1,ecc_residual,6,gaussian_blur,234b4b3ce5a61afebfb4af27009924196bb2e3a9fd83e82e0a2fc47e55b661ef,ok,,0.6208081133506469,0.6219927985456926,false
diagnostic-artifacts/v0.3,v0.3.0-pcb2-development-diagnostic-1,ecc_residual,6,translate_4_4,234b4b3ce5a61afebfb4af27009924196bb2e3a9fd83e82e0a2fc47e55b661ef,ok,,0.26589884413315373,0.6219927985456926,false
diagnostic-artifacts/v0.3,v0.3.0-pcb2-development-diagnostic-1,ecc_residual,7,control,dbc1388f8eb1d4d942a89c1134bfe4ba03c50230ba6d0ac5ce40bcd992824c77,ok,,0.6163744293939212,0.6219927985456926,false
diagnostic-artifacts/v0.3,v0.3.0-pcb2-development-diagnostic-1,ecc_residual,7,brightness_085,dbc1388f8eb1d4d942a89c1134bfe4ba03c50230ba6d0ac5ce40bcd992824c77,ok,,0.6010416728786275,0.6219927985456926,false
diagnostic-artifacts/v0.3,v0.3.0-pcb2-development-diagnostic-1,ecc_residual,7,brightness_115,dbc1388f8eb1d4d942a89c1134bfe4ba03c50230ba6d0ac5ce40bcd992824c77,ok,,0.6487523550474191,0.6219927985456926,true
diagnostic-artifacts/v0.3,v0.3.0-pcb2-development-diagnostic-1,ecc_residual,7,gaussian_blur,dbc1388f8eb1d4d942a89c1134bfe4ba03c50230ba6d0ac5ce40bcd992824c77,ok,,0.6126330819059524,0.6219927985456926,false
diagnostic-artifacts/v0.3,v0.3.0-pcb2-development-diagnostic-1,ecc_residual,7,translate_4_4,dbc1388f8eb1d4d942a89c1134bfe4ba03c50230ba6d0ac5ce40bcd992824c77,ok,,0.615810926151678,0.6219927985456926,false
diagnostic-artifacts/v0.3,v0.3.0-pcb2-development-diagnostic-1,ecc_residual,8,control,0508af287ed21b43758d12a1b51e6d3420939c56862df7177d9b280bef86b717,ok,,0.2617809415496332,0.6219927985456926,false
diagnostic-artifacts/v0.3,v0.3.0-pcb2-development-diagnostic-1,ecc_residual,8,brightness_085,0508af287ed21b43758d12a1b51e6d3420939c56862df7177d9b280bef86b717,ok,,0.2649300899475243,0.6219927985456926,false
diagnostic-artifacts/v0.3,v0.3.0-pcb2-development-diagnostic-1,ecc_residual,8,brightness_115,0508af287ed21b43758d12a1b51e6d3420939c56862df7177d9b280bef86b717,ok,,0.31560211608111227,0.6219927985456926,false
diagnostic-artifacts/v0.3,v0.3.0-pcb2-development-diagnostic-1,ecc_residual,8,gaussian_blur,0508af287ed21b43758d12a1b51e6d3420939c56862df7177d9b280bef86b717,ok,,0.25419699371873444,0.6219927985456926,false
diagnostic-artifacts/v0.3,v0.3.0-pcb2-development-diagnostic-1,ecc_residual,8,translate_4_4,0508af287ed21b43758d12a1b51e6d3420939c56862df7177d9b280bef86b717,ok,,0.6221504544799163,0.6219927985456926,true
diagnostic-artifacts/v0.3,v0.3.0-pcb2-development-diagnostic-1,ecc_residual,9,control,9cb224e5ee71d0f8d279e3b0093b034c3510a85ad2170d1a16690e2ab1bd3856,ok,,0.30768553627191214,0.6219927985456926,false
diagnostic-artifacts/v0.3,v0.3.0-pcb2-development-diagnostic-1,ecc_residual,9,brightness_085,9cb224e5ee71d0f8d279e3b0093b034c3510a85ad2170d1a16690e2ab1bd3856,ok,,0.25759266464016106,0.6219927985456926,false
diagnostic-artifacts/v0.3,v0.3.0-pcb2-development-diagnostic-1,ecc_residual,9,brightness_115,9cb224e5ee71d0f8d279e3b0093b034c3510a85ad2170d1a16690e2ab1bd3856,ok,,0.3859490246083666,0.6219927985456926,false
diagnostic-artifacts/v0.3,v0.3.0-pcb2-development-diagnostic-1,ecc_residual,9,gaussian_blur,9cb224e5ee71d0f8d279e3b0093b034c3510a85ad2170d1a16690e2ab1bd3856,ok,,0.3015943520305529,0.6219927985456926,false
diagnostic-artifacts/v0.3,v0.3.0-pcb2-development-diagnostic-1,ecc_residual,9,translate_4_4,9cb224e5ee71d0f8d279e3b0093b034c3510a85ad2170d1a16690e2ab1bd3856,ok,,0.3063885599588724,0.6219927985456926,false
diagnostic-artifacts/v0.3,v0.3.0-pcb2-development-diagnostic-1,ecc_residual,10,control,9f044a40b5b02c2d5be033cc8195a9ac71e5713845bc8d50cb8f235fd6073715,ok,,0.2031121700310506,0.6219927985456926,false
diagnostic-artifacts/v0.3,v0.3.0-pcb2-development-diagnostic-1,ecc_residual,10,brightness_085,9f044a40b5b02c2d5be033cc8195a9ac71e5713845bc8d50cb8f235fd6073715,ok,,0.20723827511449402,0.6219927985456926,false
diagnostic-artifacts/v0.3,v0.3.0-pcb2-development-diagnostic-1,ecc_residual,10,brightness_115,9f044a40b5b02c2d5be033cc8195a9ac71e5713845bc8d50cb8f235fd6073715,ok,,0.2745088580539961,0.6219927985456926,false
diagnostic-artifacts/v0.3,v0.3.0-pcb2-development-diagnostic-1,ecc_residual,10,gaussian_blur,9f044a40b5b02c2d5be033cc8195a9ac71e5713845bc8d50cb8f235fd6073715,ok,,0.19773045759412305,0.6219927985456926,false
diagnostic-artifacts/v0.3,v0.3.0-pcb2-development-diagnostic-1,ecc_residual,10,translate_4_4,9f044a40b5b02c2d5be033cc8195a9ac71e5713845bc8d50cb8f235fd6073715,ok,,0.20265836893003197,0.6219927985456926,false
diagnostic-artifacts/v0.3,v0.3.0-pcb2-development-diagnostic-1,ecc_residual,11,control,51bceab335dabd86991b80ab3c55ec68bece078f2f764025234b9939502930dc,ok,,0.31023507958851787,0.6219927985456926,false
diagnostic-artifacts/v0.3,v0.3.0-pcb2-development-diagnostic-1,ecc_residual,11,brightness_085,51bceab335dabd86991b80ab3c55ec68bece078f2f764025234b9939502930dc,ok,,0.3447456881278175,0.6219927985456926,false
diagnostic-artifacts/v0.3,v0.3.0-pcb2-development-diagnostic-1,ecc_residual,11,brightness_115,51bceab335dabd86991b80ab3c55ec68bece078f2f764025234b9939502930dc,ok,,0.31920276420025884,0.6219927985456926,false
diagnostic-artifacts/v0.3,v0.3.0-pcb2-development-diagnostic-1,ecc_residual,11,gaussian_blur,51bceab335dabd86991b80ab3c55ec68bece078f2f764025234b9939502930dc,ok,,0.30772858411073684,0.6219927985456926,false
diagnostic-artifacts/v0.3,v0.3.0-pcb2-development-diagnostic-1,ecc_residual,11,translate_4_4,51bceab335dabd86991b80ab3c55ec68bece078f2f764025234b9939502930dc,ok,,0.31067168937076495,0.6219927985456926,false
diagnostic-artifacts/v0.3,v0.3.0-pcb2-development-diagnostic-1,ecc_residual,12,control,10867ebf21b0c07e0bc1c918105fc3cc652f47263284314411316af483476d2f,ok,,0.6176662674936061,0.6219927985456926,false
diagnostic-artifacts/v0.3,v0.3.0-pcb2-development-diagnostic-1,ecc_residual,12,brightness_085,10867ebf21b0c07e0bc1c918105fc3cc652f47263284314411316af483476d2f,ok,,0.6002556220891606,0.6219927985456926,false
diagnostic-artifacts/v0.3,v0.3.0-pcb2-development-diagnostic-1,ecc_residual,12,brightness_115,10867ebf21b0c07e0bc1c918105fc3cc652f47263284314411316af483476d2f,ok,,0.6459910098510453,0.6219927985456926,true
diagnostic-artifacts/v0.3,v0.3.0-pcb2-development-diagnostic-1,ecc_residual,12,gaussian_blur,10867ebf21b0c07e0bc1c918105fc3cc652f47263284314411316af483476d2f,ok,,0.6140045094339154,0.6219927985456926,false
diagnostic-artifacts/v0.3,v0.3.0-pcb2-development-diagnostic-1,ecc_residual,12,translate_4_4,10867ebf21b0c07e0bc1c918105fc3cc652f47263284314411316af483476d2f,ok,,0.6177502422141626,0.6219927985456926,false
diagnostic-artifacts/v0.3,v0.3.0-pcb2-development-diagnostic-1,ecc_residual,13,control,33437c2ed443484cc342e125c3f5cc102bc611af86ea6829a3f727171f47c340,ok,,0.661558692716848,0.6219927985456926,true
diagnostic-artifacts/v0.3,v0.3.0-pcb2-development-diagnostic-1,ecc_residual,13,brightness_085,33437c2ed443484cc342e125c3f5cc102bc611af86ea6829a3f727171f47c340,ok,,0.6087071683067383,0.6219927985456926,false
diagnostic-artifacts/v0.3,v0.3.0-pcb2-development-diagnostic-1,ecc_residual,13,brightness_115,33437c2ed443484cc342e125c3f5cc102bc611af86ea6829a3f727171f47c340,ok,,0.6311706327717164,0.6219927985456926,true
diagnostic-artifacts/v0.3,v0.3.0-pcb2-development-diagnostic-1,ecc_residual,13,gaussian_blur,33437c2ed443484cc342e125c3f5cc102bc611af86ea6829a3f727171f47c340,ok,,0.6028419212797396,0.6219927985456926,false
diagnostic-artifacts/v0.3,v0.3.0-pcb2-development-diagnostic-1,ecc_residual,13,translate_4_4,33437c2ed443484cc342e125c3f5cc102bc611af86ea6829a3f727171f47c340,ok,,0.6613651933726403,0.6219927985456926,true
diagnostic-artifacts/v0.3,v0.3.0-pcb2-development-diagnostic-1,ecc_residual,14,control,0e10c8f2ad1ed73dea7d3b525d06e3da2ab7d211842ce0139621bad37ab8f8c1,ok,,0.2539434190352255,0.6219927985456926,false
diagnostic-artifacts/v0.3,v0.3.0-pcb2-development-diagnostic-1,ecc_residual,14,brightness_085,0e10c8f2ad1ed73dea7d3b525d06e3da2ab7d211842ce0139621bad37ab8f8c1,ok,,0.22360057996798166,0.6219927985456926,false
diagnostic-artifacts/v0.3,v0.3.0-pcb2-development-diagnostic-1,ecc_residual,14,brightness_115,0e10c8f2ad1ed73dea7d3b525d06e3da2ab7d211842ce0139621bad37ab8f8c1,ok,,0.32815099230295497,0.6219927985456926,false
diagnostic-artifacts/v0.3,v0.3.0-pcb2-development-diagnostic-1,ecc_residual,14,gaussian_blur,0e10c8f2ad1ed73dea7d3b525d06e3da2ab7d211842ce0139621bad37ab8f8c1,ok,,0.24820357874224458,0.6219927985456926,false
diagnostic-artifacts/v0.3,v0.3.0-pcb2-development-diagnostic-1,ecc_residual,14,translate_4_4,0e10c8f2ad1ed73dea7d3b525d06e3da2ab7d211842ce0139621bad37ab8f8c1,ok,,0.25213798491386424,0.6219927985456926,false
diagnostic-artifacts/v0.3,v0.3.0-pcb2-development-diagnostic-1,ecc_residual,15,control,90d33ee2e9a799a84e4a055819667515caaf91ff173225fd92683f9df6d18286,ok,,0.25731045428962146,0.6219927985456926,false
diagnostic-artifacts/v0.3,v0.3.0-pcb2-development-diagnostic-1,ecc_residual,15,brightness_085,90d33ee2e9a799a84e4a055819667515caaf91ff173225fd92683f9df6d18286,ok,,0.22457285281349335,0.6219927985456926,false
diagnostic-artifacts/v0.3,v0.3.0-pcb2-development-diagnostic-1,ecc_residual,15,brightness_115,90d33ee2e9a799a84e4a055819667515caaf91ff173225fd92683f9df6d18286,ok,,0.33398764638961115,0.6219927985456926,false
diagnostic-artifacts/v0.3,v0.3.0-pcb2-development-diagnostic-1,ecc_residual,15,gaussian_blur,90d33ee2e9a799a84e4a055819667515caaf91ff173225fd92683f9df6d18286,ok,,0.25220834055153124,0.6219927985456926,false
diagnostic-artifacts/v0.3,v0.3.0-pcb2-development-diagnostic-1,ecc_residual,15,translate_4_4,90d33ee2e9a799a84e4a055819667515caaf91ff173225fd92683f9df6d18286,ok,,0.25763815908618115,0.6219927985456926,false
diagnostic-artifacts/v0.3,v0.3.0-pcb2-development-diagnostic-1,ecc_residual,16,control,530cb31c98e7dc29e2d618490aee87b14dda1af7dc5601ce164404ef30fc5dca,ok,,0.6222834788294281,0.6219927985456926,true
diagnostic-artifacts/v0.3,v0.3.0-pcb2-development-diagnostic-1,ecc_residual,16,brightness_085,530cb31c98e7dc29e2d618490aee87b14dda1af7dc5601ce164404ef30fc5dca,ok,,0.6123854549625252,0.6219927985456926,false
diagnostic-artifacts/v0.3,v0.3.0-pcb2-development-diagnostic-1,ecc_residual,16,brightness_115,530cb31c98e7dc29e2d618490aee87b14dda1af7dc5601ce164404ef30fc5dca,ok,,0.6501029014838898,0.6219927985456926,true
diagnostic-artifacts/v0.3,v0.3.0-pcb2-development-diagnostic-1,ecc_residual,16,gaussian_blur,530cb31c98e7dc29e2d618490aee87b14dda1af7dc5601ce164404ef30fc5dca,ok,,0.618762162566688,0.6219927985456926,false
diagnostic-artifacts/v0.3,v0.3.0-pcb2-development-diagnostic-1,ecc_residual,16,translate_4_4,530cb31c98e7dc29e2d618490aee87b14dda1af7dc5601ce164404ef30fc5dca,ok,,0.6228698891426441,0.6219927985456926,true
diagnostic-artifacts/v0.3,v0.3.0-pcb2-development-diagnostic-1,ecc_residual,17,control,edbc77f387e7f63ede927fb3f20d3e4d1ed6edc526a504421adcee3eadf66230,ok,,0.22541364152479795,0.6219927985456926,false
diagnostic-artifacts/v0.3,v0.3.0-pcb2-development-diagnostic-1,ecc_residual,17,brightness_085,edbc77f387e7f63ede927fb3f20d3e4d1ed6edc526a504421adcee3eadf66230,ok,,0.23090452711231954,0.6219927985456926,false
diagnostic-artifacts/v0.3,v0.3.0-pcb2-development-diagnostic-1,ecc_residual,17,brightness_115,edbc77f387e7f63ede927fb3f20d3e4d1ed6edc526a504421adcee3eadf66230,ok,,0.2941392954390177,0.6219927985456926,false
diagnostic-artifacts/v0.3,v0.3.0-pcb2-development-diagnostic-1,ecc_residual,17,gaussian_blur,edbc77f387e7f63ede927fb3f20d3e4d1ed6edc526a504421adcee3eadf66230,ok,,0.21880139167699295,0.6219927985456926,false
diagnostic-artifacts/v0.3,v0.3.0-pcb2-development-diagnostic-1,ecc_residual,17,translate_4_4,edbc77f387e7f63ede927fb3f20d3e4d1ed6edc526a504421adcee3eadf66230,ok,,0.22504907544026395,0.6219927985456926,false
diagnostic-artifacts/v0.3,v0.3.0-pcb2-development-diagnostic-1,ecc_residual,18,control,7231550d85c2703c13b184fc1ba28ff91a295901dcfee27e35dafd2d90ee5e75,ok,,0.19526558649187853,0.6219927985456926,false
diagnostic-artifacts/v0.3,v0.3.0-pcb2-development-diagnostic-1,ecc_residual,18,brightness_085,7231550d85c2703c13b184fc1ba28ff91a295901dcfee27e35dafd2d90ee5e75,ok,,0.20586639073704868,0.6219927985456926,false
diagnostic-artifacts/v0.3,v0.3.0-pcb2-development-diagnostic-1,ecc_residual,18,brightness_115,7231550d85c2703c13b184fc1ba28ff91a295901dcfee27e35dafd2d90ee5e75,ok,,0.26917876336519225,0.6219927985456926,false
diagnostic-artifacts/v0.3,v0.3.0-pcb2-development-diagnostic-1,ecc_residual,18,gaussian_blur,7231550d85c2703c13b184fc1ba28ff91a295901dcfee27e35dafd2d90ee5e75,ok,,0.1907047374653414,0.6219927985456926,false
diagnostic-artifacts/v0.3,v0.3.0-pcb2-development-diagnostic-1,ecc_residual,18,translate_4_4,7231550d85c2703c13b184fc1ba28ff91a295901dcfee27e35dafd2d90ee5e75,ok,,0.1954287101007715,0.6219927985456926,false
diagnostic-artifacts/v0.3,v0.3.0-pcb2-development-diagnostic-1,ecc_residual,19,control,56251c6d33c8ef7e17630e558a6d81e832ea23c03b89a5adb482e01941918760,ok,,0.3205757339543934,0.6219927985456926,false
diagnostic-artifacts/v0.3,v0.3.0-pcb2-development-diagnostic-1,ecc_residual,19,brightness_085,56251c6d33c8ef7e17630e558a6d81e832ea23c03b89a5adb482e01941918760,ok,,0.35545173449606837,0.6219927985456926,false
diagnostic-artifacts/v0.3,v0.3.0-pcb2-development-diagnostic-1,ecc_residual,19,brightness_115,56251c6d33c8ef7e17630e558a6d81e832ea23c03b89a5adb482e01941918760,ok,,0.3225035414917057,0.6219927985456926,false
diagnostic-artifacts/v0.3,v0.3.0-pcb2-development-diagnostic-1,ecc_residual,19,gaussian_blur,56251c6d33c8ef7e17630e558a6d81e832ea23c03b89a5adb482e01941918760,ok,,0.31775632571067486,0.6219927985456926,false
diagnostic-artifacts/v0.3,v0.3.0-pcb2-development-diagnostic-1,ecc_residual,19,translate_4_4,56251c6d33c8ef7e17630e558a6d81e832ea23c03b89a5adb482e01941918760,ok,,0.3191270725825165,0.6219927985456926,false
diagnostic-artifacts/v0.3,v0.3.0-pcb2-development-diagnostic-1,ecc_residual,20,control,f1a59a2162457195e94f1c233c4615652761a985337efceca2e5b3e9b085a218,ok,,0.2794768736583774,0.6219927985456926,false
diagnostic-artifacts/v0.3,v0.3.0-pcb2-development-diagnostic-1,ecc_residual,20,brightness_085,f1a59a2162457195e94f1c233c4615652761a985337efceca2e5b3e9b085a218,ok,,0.3190914974811208,0.6219927985456926,false
diagnostic-artifacts/v0.3,v0.3.0-pcb2-development-diagnostic-1,ecc_residual,20,brightness_115,f1a59a2162457195e94f1c233c4615652761a985337efceca2e5b3e9b085a218,ok,,0.31271345654368904,0.6219927985456926,false
diagnostic-artifacts/v0.3,v0.3.0-pcb2-development-diagnostic-1,ecc_residual,20,gaussian_blur,f1a59a2162457195e94f1c233c4615652761a985337efceca2e5b3e9b085a218,ok,,0.2707039568683266,0.6219927985456926,false
diagnostic-artifacts/v0.3,v0.3.0-pcb2-development-diagnostic-1,ecc_residual,20,translate_4_4,f1a59a2162457195e94f1c233c4615652761a985337efceca2e5b3e9b085a218,ok,,0.2801669123429286,0.6219927985456926,false
diagnostic-artifacts/v0.3,v0.3.0-pcb2-development-diagnostic-1,ecc_residual,21,control,7278d4bee7ef009c379b99b6595e65309bddd86ba2ed4164396e0d74ca7fccab,ok,,0.614492887862121,0.6219927985456926,false
diagnostic-artifacts/v0.3,v0.3.0-pcb2-development-diagnostic-1,ecc_residual,21,brightness_085,7278d4bee7ef009c379b99b6595e65309bddd86ba2ed4164396e0d74ca7fccab,ok,,0.5966088274360206,0.6219927985456926,false
diagnostic-artifacts/v0.3,v0.3.0-pcb2-development-diagnostic-1,ecc_residual,21,brightness_115,7278d4bee7ef009c379b99b6595e65309bddd86ba2ed4164396e0d74ca7fccab,ok,,0.6522702205784713,0.6219927985456926,true
diagnostic-artifacts/v0.3,v0.3.0-pcb2-development-diagnostic-1,ecc_residual,21,gaussian_blur,7278d4bee7ef009c379b99b6595e65309bddd86ba2ed4164396e0d74ca7fccab,ok,,0.6109880012298938,0.6219927985456926,false
diagnostic-artifacts/v0.3,v0.3.0-pcb2-development-diagnostic-1,ecc_residual,21,translate_4_4,7278d4bee7ef009c379b99b6595e65309bddd86ba2ed4164396e0d74ca7fccab,ok,,0.6148697670753495,0.6219927985456926,false
diagnostic-artifacts/v0.3,v0.3.0-pcb2-development-diagnostic-1,ecc_residual,22,control,69dbc73f3e5527eedb44c4c9a77be92fa13a87f5a29c657cda8ae20f490ae900,ok,,0.2400830201836075,0.6219927985456926,false
diagnostic-artifacts/v0.3,v0.3.0-pcb2-development-diagnostic-1,ecc_residual,22,brightness_085,69dbc73f3e5527eedb44c4c9a77be92fa13a87f5a29c657cda8ae20f490ae900,ok,,0.2425947021897332,0.6219927985456926,false
diagnostic-artifacts/v0.3,v0.3.0-pcb2-development-diagnostic-1,ecc_residual,22,brightness_115,69dbc73f3e5527eedb44c4c9a77be92fa13a87f5a29c657cda8ae20f490ae900,ok,,0.3024413352399939,0.6219927985456926,false
diagnostic-artifacts/v0.3,v0.3.0-pcb2-development-diagnostic-1,ecc_residual,22,gaussian_blur,69dbc73f3e5527eedb44c4c9a77be92fa13a87f5a29c657cda8ae20f490ae900,ok,,0.2333013040166867,0.6219927985456926,false
diagnostic-artifacts/v0.3,v0.3.0-pcb2-development-diagnostic-1,ecc_residual,22,translate_4_4,69dbc73f3e5527eedb44c4c9a77be92fa13a87f5a29c657cda8ae20f490ae900,ok,,0.2403220527911488,0.6219927985456926,false
diagnostic-artifacts/v0.3,v0.3.0-pcb2-development-diagnostic-1,ecc_residual,23,control,4c4ab1c59d3a0d9a4973c1ffe1635744f442897f51a75e2cfbc33817f07f0fb2,ok,,0.6192879222100404,0.6219927985456926,false
diagnostic-artifacts/v0.3,v0.3.0-pcb2-development-diagnostic-1,ecc_residual,23,brightness_085,4c4ab1c59d3a0d9a4973c1ffe1635744f442897f51a75e2cfbc33817f07f0fb2,ok,,0.6190277874872832,0.6219927985456926,false
diagnostic-artifacts/v0.3,v0.3.0-pcb2-development-diagnostic-1,ecc_residual,23,brightness_115,4c4ab1c59d3a0d9a4973c1ffe1635744f442897f51a75e2cfbc33817f07f0fb2,ok,,0.6427630299445641,0.6219927985456926,true
diagnostic-artifacts/v0.3,v0.3.0-pcb2-development-diagnostic-1,ecc_residual,23,gaussian_blur,4c4ab1c59d3a0d9a4973c1ffe1635744f442897f51a75e2cfbc33817f07f0fb2,ok,,0.6155901998155519,0.6219927985456926,false
diagnostic-artifacts/v0.3,v0.3.0-pcb2-development-diagnostic-1,ecc_residual,23,translate_4_4,4c4ab1c59d3a0d9a4973c1ffe1635744f442897f51a75e2cfbc33817f07f0fb2,ok,,0.6186904285682151,0.6219927985456926,false
diagnostic-artifacts/v0.3,v0.3.0-pcb2-development-diagnostic-1,ecc_residual,24,control,6a70733df55b6c16f867cb483a25933620345344d6e8d5a702cb4dae5b7c7535,ok,,0.36228239255866923,0.6219927985456926,false
diagnostic-artifacts/v0.3,v0.3.0-pcb2-development-diagnostic-1,ecc_residual,24,brightness_085,6a70733df55b6c16f867cb483a25933620345344d6e8d5a702cb4dae5b7c7535,ok,,0.36884061572798194,0.6219927985456926,false
diagnostic-artifacts/v0.3,v0.3.0-pcb2-development-diagnostic-1,ecc_residual,24,brightness_115,6a70733df55b6c16f867cb483a25933620345344d6e8d5a702cb4dae5b7c7535,ok,,0.3720263414996586,0.6219927985456926,false
diagnostic-artifacts/v0.3,v0.3.0-pcb2-development-diagnostic-1,ecc_residual,24,gaussian_blur,6a70733df55b6c16f867cb483a25933620345344d6e8d5a702cb4dae5b7c7535,ok,,0.36028320644726736,0.6219927985456926,false
diagnostic-artifacts/v0.3,v0.3.0-pcb2-development-diagnostic-1,ecc_residual,24,translate_4_4,6a70733df55b6c16f867cb483a25933620345344d6e8d5a702cb4dae5b7c7535,ok,,0.36224966657815605,0.6219927985456926,false
diagnostic-artifacts/v0.3,v0.3.0-pcb2-development-diagnostic-1,ecc_residual,25,control,a32707a4b34e94e8ceeac58cd31e22f54ff8e9968b3a7ff4a190ca9100d1f233,ok,,0.2541520412272542,0.6219927985456926,false
diagnostic-artifacts/v0.3,v0.3.0-pcb2-development-diagnostic-1,ecc_residual,25,brightness_085,a32707a4b34e94e8ceeac58cd31e22f54ff8e9968b3a7ff4a190ca9100d1f233,ok,,0.2863039752916445,0.6219927985456926,false
diagnostic-artifacts/v0.3,v0.3.0-pcb2-development-diagnostic-1,ecc_residual,25,brightness_115,a32707a4b34e94e8ceeac58cd31e22f54ff8e9968b3a7ff4a190ca9100d1f233,ok,,0.2884130657473697,0.6219927985456926,false
diagnostic-artifacts/v0.3,v0.3.0-pcb2-development-diagnostic-1,ecc_residual,25,gaussian_blur,a32707a4b34e94e8ceeac58cd31e22f54ff8e9968b3a7ff4a190ca9100d1f233,ok,,0.24821755940778345,0.6219927985456926,false
diagnostic-artifacts/v0.3,v0.3.0-pcb2-development-diagnostic-1,ecc_residual,25,translate_4_4,a32707a4b34e94e8ceeac58cd31e22f54ff8e9968b3a7ff4a190ca9100d1f233,ok,,0.26141963002550955,0.6219927985456926,false
diagnostic-artifacts/v0.3,v0.3.0-pcb2-development-diagnostic-1,ecc_residual,26,control,9fc1e7ff65aa1c91c98455a595b151b33bba809686a5068f7f984d2546bc1b39,ok,,0.5867873645029994,0.6219927985456926,false
diagnostic-artifacts/v0.3,v0.3.0-pcb2-development-diagnostic-1,ecc_residual,26,brightness_085,9fc1e7ff65aa1c91c98455a595b151b33bba809686a5068f7f984d2546bc1b39,ok,,0.5745808921282805,0.6219927985456926,false
diagnostic-artifacts/v0.3,v0.3.0-pcb2-development-diagnostic-1,ecc_residual,26,brightness_115,9fc1e7ff65aa1c91c98455a595b151b33bba809686a5068f7f984d2546bc1b39,ok,,0.6268131591348205,0.6219927985456926,true
diagnostic-artifacts/v0.3,v0.3.0-pcb2-development-diagnostic-1,ecc_residual,26,gaussian_blur,9fc1e7ff65aa1c91c98455a595b151b33bba809686a5068f7f984d2546bc1b39,ok,,0.5827644536766825,0.6219927985456926,false
diagnostic-artifacts/v0.3,v0.3.0-pcb2-development-diagnostic-1,ecc_residual,26,translate_4_4,9fc1e7ff65aa1c91c98455a595b151b33bba809686a5068f7f984d2546bc1b39,ok,,0.5900353854467094,0.6219927985456926,false
diagnostic-artifacts/v0.3,v0.3.0-pcb2-development-diagnostic-1,ecc_residual,27,control,a93d14fe26aaeb8adc33d8b4847b8dbac8bc18f40ab31dc530e3f77f7f9c39d5,ok,,0.6206948386812673,0.6219927985456926,false
diagnostic-artifacts/v0.3,v0.3.0-pcb2-development-diagnostic-1,ecc_residual,27,brightness_085,a93d14fe26aaeb8adc33d8b4847b8dbac8bc18f40ab31dc530e3f77f7f9c39d5,ok,,0.6171181807542159,0.6219927985456926,false
diagnostic-artifacts/v0.3,v0.3.0-pcb2-development-diagnostic-1,ecc_residual,27,brightness_115,a93d14fe26aaeb8adc33d8b4847b8dbac8bc18f40ab31dc530e3f77f7f9c39d5,ok,,0.6442169381778117,0.6219927985456926,true
diagnostic-artifacts/v0.3,v0.3.0-pcb2-development-diagnostic-1,ecc_residual,27,gaussian_blur,a93d14fe26aaeb8adc33d8b4847b8dbac8bc18f40ab31dc530e3f77f7f9c39d5,ok,,0.6171764108690847,0.6219927985456926,false
diagnostic-artifacts/v0.3,v0.3.0-pcb2-development-diagnostic-1,ecc_residual,27,translate_4_4,a93d14fe26aaeb8adc33d8b4847b8dbac8bc18f40ab31dc530e3f77f7f9c39d5,ok,,0.6208161460739132,0.6219927985456926,false
diagnostic-artifacts/v0.3,v0.3.0-pcb2-development-diagnostic-1,ecc_residual,28,control,b06b6cecacef6a43990bbeaaed6260627478b2b441b2effc4b7762449f6b5b6c,ok,,0.27278684733537684,0.6219927985456926,false
diagnostic-artifacts/v0.3,v0.3.0-pcb2-development-diagnostic-1,ecc_residual,28,brightness_085,b06b6cecacef6a43990bbeaaed6260627478b2b441b2effc4b7762449f6b5b6c,ok,,0.26283694046081874,0.6219927985456926,false
diagnostic-artifacts/v0.3,v0.3.0-pcb2-development-diagnostic-1,ecc_residual,28,brightness_115,b06b6cecacef6a43990bbeaaed6260627478b2b441b2effc4b7762449f6b5b6c,ok,,0.321503570738724,0.6219927985456926,false
diagnostic-artifacts/v0.3,v0.3.0-pcb2-development-diagnostic-1,ecc_residual,28,gaussian_blur,b06b6cecacef6a43990bbeaaed6260627478b2b441b2effc4b7762449f6b5b6c,ok,,0.26374688489276144,0.6219927985456926,false
diagnostic-artifacts/v0.3,v0.3.0-pcb2-development-diagnostic-1,ecc_residual,28,translate_4_4,b06b6cecacef6a43990bbeaaed6260627478b2b441b2effc4b7762449f6b5b6c,ok,,0.2733467263071346,0.6219927985456926,false
diagnostic-artifacts/v0.3,v0.3.0-pcb2-development-diagnostic-1,ecc_residual,29,control,4171071a00e9a2bfd297863b8de22844f57a84ac4272ce5da02c40b9f9bff1eb,ok,,0.2479761465220272,0.6219927985456926,false
diagnostic-artifacts/v0.3,v0.3.0-pcb2-development-diagnostic-1,ecc_residual,29,brightness_085,4171071a00e9a2bfd297863b8de22844f57a84ac4272ce5da02c40b9f9bff1eb,ok,,0.21904745501725167,0.6219927985456926,false
diagnostic-artifacts/v0.3,v0.3.0-pcb2-development-diagnostic-1,ecc_residual,29,brightness_115,4171071a00e9a2bfd297863b8de22844f57a84ac4272ce5da02c40b9f9bff1eb,ok,,0.3129061465401245,0.6219927985456926,false
diagnostic-artifacts/v0.3,v0.3.0-pcb2-development-diagnostic-1,ecc_residual,29,gaussian_blur,4171071a00e9a2bfd297863b8de22844f57a84ac4272ce5da02c40b9f9bff1eb,ok,,0.24171336770762164,0.6219927985456926,false
diagnostic-artifacts/v0.3,v0.3.0-pcb2-development-diagnostic-1,ecc_residual,29,translate_4_4,4171071a00e9a2bfd297863b8de22844f57a84ac4272ce5da02c40b9f9bff1eb,ok,,0.24914658951477545,0.6219927985456926,false
diagnostic-artifacts/v0.3,v0.3.0-pcb2-development-diagnostic-1,ecc_residual,30,control,07d251c71f8a944a608751cd7b1c22d642d8a09915bd15d4ad1e731ee6f7e790,ok,,0.32661045479749323,0.6219927985456926,false
diagnostic-artifacts/v0.3,v0.3.0-pcb2-development-diagnostic-1,ecc_residual,30,brightness_085,07d251c71f8a944a608751cd7b1c22d642d8a09915bd15d4ad1e731ee6f7e790,ok,,0.3441445432320426,0.6219927985456926,false
diagnostic-artifacts/v0.3,v0.3.0-pcb2-development-diagnostic-1,ecc_residual,30,brightness_115,07d251c71f8a944a608751cd7b1c22d642d8a09915bd15d4ad1e731ee6f7e790,ok,,0.33279923160367875,0.6219927985456926,false
diagnostic-artifacts/v0.3,v0.3.0-pcb2-development-diagnostic-1,ecc_residual,30,gaussian_blur,07d251c71f8a944a608751cd7b1c22d642d8a09915bd15d4ad1e731ee6f7e790,ok,,0.3250450095672648,0.6219927985456926,false
diagnostic-artifacts/v0.3,v0.3.0-pcb2-development-diagnostic-1,ecc_residual,30,translate_4_4,07d251c71f8a944a608751cd7b1c22d642d8a09915bd15d4ad1e731ee6f7e790,ok,,0.32466335143846803,0.6219927985456926,false
diagnostic-artifacts/v0.3,v0.3.0-pcb2-development-diagnostic-1,ecc_residual,31,control,7f5b53b1e57dddd6258fa34df6cd79e46df7a02dcbe383b3e5f287f6f71603e1,ok,,0.2718213730514606,0.6219927985456926,false
diagnostic-artifacts/v0.3,v0.3.0-pcb2-development-diagnostic-1,ecc_residual,31,brightness_085,7f5b53b1e57dddd6258fa34df6cd79e46df7a02dcbe383b3e5f287f6f71603e1,ok,,0.27480567333251366,0.6219927985456926,false
diagnostic-artifacts/v0.3,v0.3.0-pcb2-development-diagnostic-1,ecc_residual,31,brightness_115,7f5b53b1e57dddd6258fa34df6cd79e46df7a02dcbe383b3e5f287f6f71603e1,ok,,0.33841527616755246,0.6219927985456926,false
diagnostic-artifacts/v0.3,v0.3.0-pcb2-development-diagnostic-1,ecc_residual,31,gaussian_blur,7f5b53b1e57dddd6258fa34df6cd79e46df7a02dcbe383b3e5f287f6f71603e1,ok,,0.26653647646497525,0.6219927985456926,false
diagnostic-artifacts/v0.3,v0.3.0-pcb2-development-diagnostic-1,ecc_residual,31,translate_4_4,7f5b53b1e57dddd6258fa34df6cd79e46df7a02dcbe383b3e5f287f6f71603e1,ok,,0.622333892236782,0.6219927985456926,true
diagnostic-artifacts/v0.3,v0.3.0-pcb2-development-diagnostic-1,ecc_residual,32,control,6d21a5a097eaf54c26997a79ba17a30b800d90c47344d7515877bea9924b80ea,ok,,0.6171208430031264,0.6219927985456926,false
diagnostic-artifacts/v0.3,v0.3.0-pcb2-development-diagnostic-1,ecc_residual,32,brightness_085,6d21a5a097eaf54c26997a79ba17a30b800d90c47344d7515877bea9924b80ea,ok,,0.6067800110306691,0.6219927985456926,false
diagnostic-artifacts/v0.3,v0.3.0-pcb2-development-diagnostic-1,ecc_residual,32,brightness_115,6d21a5a097eaf54c26997a79ba17a30b800d90c47344d7515877bea9924b80ea,ok,,0.6490873103659298,0.6219927985456926,true
diagnostic-artifacts/v0.3,v0.3.0-pcb2-development-diagnostic-1,ecc_residual,32,gaussian_blur,6d21a5a097eaf54c26997a79ba17a30b800d90c47344d7515877bea9924b80ea,ok,,0.6136261246141952,0.6219927985456926,false
diagnostic-artifacts/v0.3,v0.3.0-pcb2-development-diagnostic-1,ecc_residual,32,translate_4_4,6d21a5a097eaf54c26997a79ba17a30b800d90c47344d7515877bea9924b80ea,ok,,0.6171883417363406,0.6219927985456926,false
diagnostic-artifacts/v0.3,v0.3.0-pcb2-development-diagnostic-1,ecc_residual,33,control,a23bb6fe9a6a903bb629082833a5b77cfda08caa7af47e55c7383ed3ff11d20e,ok,,0.621611122944184,0.6219927985456926,false
diagnostic-artifacts/v0.3,v0.3.0-pcb2-development-diagnostic-1,ecc_residual,33,brightness_085,a23bb6fe9a6a903bb629082833a5b77cfda08caa7af47e55c7383ed3ff11d20e,ok,,0.6138427562351468,0.6219927985456926,false
diagnostic-artifacts/v0.3,v0.3.0-pcb2-development-diagnostic-1,ecc_residual,33,brightness_115,a23bb6fe9a6a903bb629082833a5b77cfda08caa7af47e55c7383ed3ff11d20e,ok,,0.6462000855162174,0.6219927985456926,true
diagnostic-artifacts/v0.3,v0.3.0-pcb2-development-diagnostic-1,ecc_residual,33,gaussian_blur,a23bb6fe9a6a903bb629082833a5b77cfda08caa7af47e55c7383ed3ff11d20e,ok,,0.6181595376272242,0.6219927985456926,false
diagnostic-artifacts/v0.3,v0.3.0-pcb2-development-diagnostic-1,ecc_residual,33,translate_4_4,a23bb6fe9a6a903bb629082833a5b77cfda08caa7af47e55c7383ed3ff11d20e,ok,,0.6214966064467617,0.6219927985456926,false
diagnostic-artifacts/v0.3,v0.3.0-pcb2-development-diagnostic-1,ecc_residual,34,control,f9a441ae5bf3fe3da948ef31670e5aaffbb64dc1717eaed1f2e7b9173550fe33,ok,,0.2749319708925762,0.6219927985456926,false
diagnostic-artifacts/v0.3,v0.3.0-pcb2-development-diagnostic-1,ecc_residual,34,brightness_085,f9a441ae5bf3fe3da948ef31670e5aaffbb64dc1717eaed1f2e7b9173550fe33,ok,,0.20985092225205546,0.6219927985456926,false
diagnostic-artifacts/v0.3,v0.3.0-pcb2-development-diagnostic-1,ecc_residual,34,brightness_115,f9a441ae5bf3fe3da948ef31670e5aaffbb64dc1717eaed1f2e7b9173550fe33,ok,,0.3461550313334928,0.6219927985456926,false
diagnostic-artifacts/v0.3,v0.3.0-pcb2-development-diagnostic-1,ecc_residual,34,gaussian_blur,f9a441ae5bf3fe3da948ef31670e5aaffbb64dc1717eaed1f2e7b9173550fe33,ok,,0.2692794960699504,0.6219927985456926,false
diagnostic-artifacts/v0.3,v0.3.0-pcb2-development-diagnostic-1,ecc_residual,34,translate_4_4,f9a441ae5bf3fe3da948ef31670e5aaffbb64dc1717eaed1f2e7b9173550fe33,ok,,0.2693027258422304,0.6219927985456926,false
diagnostic-artifacts/v0.3,v0.3.0-pcb2-development-diagnostic-1,ecc_residual,35,control,1b99e73a031d22972ad98be088899fba7dc82845c571393f55f9c3a5a5d7bbc6,ok,,0.23232532781637477,0.6219927985456926,false
diagnostic-artifacts/v0.3,v0.3.0-pcb2-development-diagnostic-1,ecc_residual,35,brightness_085,1b99e73a031d22972ad98be088899fba7dc82845c571393f55f9c3a5a5d7bbc6,ok,,0.2546156742943075,0.6219927985456926,false
diagnostic-artifacts/v0.3,v0.3.0-pcb2-development-diagnostic-1,ecc_residual,35,brightness_115,1b99e73a031d22972ad98be088899fba7dc82845c571393f55f9c3a5a5d7bbc6,ok,,0.2860660345509957,0.6219927985456926,false
diagnostic-artifacts/v0.3,v0.3.0-pcb2-development-diagnostic-1,ecc_residual,35,gaussian_blur,1b99e73a031d22972ad98be088899fba7dc82845c571393f55f9c3a5a5d7bbc6,ok,,0.22549821747292717,0.6219927985456926,false
diagnostic-artifacts/v0.3,v0.3.0-pcb2-development-diagnostic-1,ecc_residual,35,translate_4_4,1b99e73a031d22972ad98be088899fba7dc82845c571393f55f9c3a5a5d7bbc6,ok,,0.23691860239807333,0.6219927985456926,false
diagnostic-artifacts/v0.3,v0.3.0-pcb2-development-diagnostic-1,ecc_residual,36,control,af94f30394536d36f4701554f5e8de9814d3b2794907da08151a6c8502caffd5,ok,,0.2336353982299692,0.6219927985456926,false
diagnostic-artifacts/v0.3,v0.3.0-pcb2-development-diagnostic-1,ecc_residual,36,brightness_085,af94f30394536d36f4701554f5e8de9814d3b2794907da08151a6c8502caffd5,ok,,0.19855521060369186,0.6219927985456926,false
diagnostic-artifacts/v0.3,v0.3.0-pcb2-development-diagnostic-1,ecc_residual,36,brightness_115,af94f30394536d36f4701554f5e8de9814d3b2794907da08151a6c8502caffd5,ok,,0.3071337678953062,0.6219927985456926,false
diagnostic-artifacts/v0.3,v0.3.0-pcb2-development-diagnostic-1,ecc_residual,36,gaussian_blur,af94f30394536d36f4701554f5e8de9814d3b2794907da08151a6c8502caffd5,ok,,0.22741225480027338,0.6219927985456926,false
diagnostic-artifacts/v0.3,v0.3.0-pcb2-development-diagnostic-1,ecc_residual,36,translate_4_4,af94f30394536d36f4701554f5e8de9814d3b2794907da08151a6c8502caffd5,ok,,0.23371932689524905,0.6219927985456926,false
diagnostic-artifacts/v0.3,v0.3.0-pcb2-development-diagnostic-1,ecc_residual,37,control,159f6a9f34cfd81f19abed77637a7215bd31f6b97b4c9ea770e8e58f8e31d28d,ok,,0.2466093075992186,0.6219927985456926,false
diagnostic-artifacts/v0.3,v0.3.0-pcb2-development-diagnostic-1,ecc_residual,37,brightness_085,159f6a9f34cfd81f19abed77637a7215bd31f6b97b4c9ea770e8e58f8e31d28d,ok,,0.264239884994704,0.6219927985456926,false
diagnostic-artifacts/v0.3,v0.3.0-pcb2-development-diagnostic-1,ecc_residual,37,brightness_115,159f6a9f34cfd81f19abed77637a7215bd31f6b97b4c9ea770e8e58f8e31d28d,ok,,0.29547030774852895,0.6219927985456926,false
diagnostic-artifacts/v0.3,v0.3.0-pcb2-development-diagnostic-1,ecc_residual,37,gaussian_blur,159f6a9f34cfd81f19abed77637a7215bd31f6b97b4c9ea770e8e58f8e31d28d,ok,,0.23827229230212763,0.6219927985456926,false
diagnostic-artifacts/v0.3,v0.3.0-pcb2-development-diagnostic-1,ecc_residual,37,translate_4_4,159f6a9f34cfd81f19abed77637a7215bd31f6b97b4c9ea770e8e58f8e31d28d,ok,,0.24564861482960262,0.6219927985456926,false
diagnostic-artifacts/v0.3,v0.3.0-pcb2-development-diagnostic-1,ecc_residual,38,control,bbb915ce5aa6bcf76ba41675032580a6930cd7034149cc18b51f179f25611766,ok,,0.27574768385221793,0.6219927985456926,false
diagnostic-artifacts/v0.3,v0.3.0-pcb2-development-diagnostic-1,ecc_residual,38,brightness_085,bbb915ce5aa6bcf76ba41675032580a6930cd7034149cc18b51f179f25611766,ok,,0.2589923012332231,0.6219927985456926,false
diagnostic-artifacts/v0.3,v0.3.0-pcb2-development-diagnostic-1,ecc_residual,38,brightness_115,bbb915ce5aa6bcf76ba41675032580a6930cd7034149cc18b51f179f25611766,ok,,0.3449358489372262,0.6219927985456926,false
diagnostic-artifacts/v0.3,v0.3.0-pcb2-development-diagnostic-1,ecc_residual,38,gaussian_blur,bbb915ce5aa6bcf76ba41675032580a6930cd7034149cc18b51f179f25611766,ok,,0.26868492054258797,0.6219927985456926,false
diagnostic-artifacts/v0.3,v0.3.0-pcb2-development-diagnostic-1,ecc_residual,38,translate_4_4,bbb915ce5aa6bcf76ba41675032580a6930cd7034149cc18b51f179f25611766,ok,,0.2750378440921966,0.6219927985456926,false
diagnostic-artifacts/v0.3,v0.3.0-pcb2-development-diagnostic-1,ecc_residual,39,control,51c897657693c125706ae1479136eee409d1b96f250c4796cbdc4672583935d0,ok,,0.27361608384027764,0.6219927985456926,false
diagnostic-artifacts/v0.3,v0.3.0-pcb2-development-diagnostic-1,ecc_residual,39,brightness_085,51c897657693c125706ae1479136eee409d1b96f250c4796cbdc4672583935d0,ok,,0.27580941106951185,0.6219927985456926,false
diagnostic-artifacts/v0.3,v0.3.0-pcb2-development-diagnostic-1,ecc_residual,39,brightness_115,51c897657693c125706ae1479136eee409d1b96f250c4796cbdc4672583935d0,ok,,0.33621944240628415,0.6219927985456926,false
diagnostic-artifacts/v0.3,v0.3.0-pcb2-development-diagnostic-1,ecc_residual,39,gaussian_blur,51c897657693c125706ae1479136eee409d1b96f250c4796cbdc4672583935d0,ok,,0.26762739407991054,0.6219927985456926,false
diagnostic-artifacts/v0.3,v0.3.0-pcb2-development-diagnostic-1,ecc_residual,39,translate_4_4,51c897657693c125706ae1479136eee409d1b96f250c4796cbdc4672583935d0,ok,,0.2736752111260398,0.6219927985456926,false
diagnostic-artifacts/v0.3,v0.3.0-pcb2-development-diagnostic-1,ecc_residual,40,control,1547601749f5ed937972297999b3819c3de5da096085afdc644d1e7fde66a109,ok,,0.24439240227520215,0.6219927985456926,false
diagnostic-artifacts/v0.3,v0.3.0-pcb2-development-diagnostic-1,ecc_residual,40,brightness_085,1547601749f5ed937972297999b3819c3de5da096085afdc644d1e7fde66a109,ok,,0.22263084932973112,0.6219927985456926,false
diagnostic-artifacts/v0.3,v0.3.0-pcb2-development-diagnostic-1,ecc_residual,40,brightness_115,1547601749f5ed937972297999b3819c3de5da096085afdc644d1e7fde66a109,ok,,0.31733549860962335,0.6219927985456926,false
diagnostic-artifacts/v0.3,v0.3.0-pcb2-development-diagnostic-1,ecc_residual,40,gaussian_blur,1547601749f5ed937972297999b3819c3de5da096085afdc644d1e7fde66a109,ok,,0.2375636519070416,0.6219927985456926,false
diagnostic-artifacts/v0.3,v0.3.0-pcb2-development-diagnostic-1,ecc_residual,40,translate_4_4,1547601749f5ed937972297999b3819c3de5da096085afdc644d1e7fde66a109,ok,,0.24158674230178198,0.6219927985456926,false
diagnostic-artifacts/v0.3,v0.3.0-pcb2-development-diagnostic-1,ecc_residual,41,control,7a7301a60f0f347307026f5ce799848989a963ba1beed4d8da2a713d45ae4847,ok,,0.6135343702785073,0.6219927985456926,false
diagnostic-artifacts/v0.3,v0.3.0-pcb2-development-diagnostic-1,ecc_residual,41,brightness_085,7a7301a60f0f347307026f5ce799848989a963ba1beed4d8da2a713d45ae4847,ok,,0.6067055864424645,0.6219927985456926,false
diagnostic-artifacts/v0.3,v0.3.0-pcb2-development-diagnostic-1,ecc_residual,41,brightness_115,7a7301a60f0f347307026f5ce799848989a963ba1beed4d8da2a713d45ae4847,ok,,0.6434829740584651,0.6219927985456926,true
diagnostic-artifacts/v0.3,v0.3.0-pcb2-development-diagnostic-1,ecc_residual,41,gaussian_blur,7a7301a60f0f347307026f5ce799848989a963ba1beed4d8da2a713d45ae4847,ok,,0.609972325482952,0.6219927985456926,false
diagnostic-artifacts/v0.3,v0.3.0-pcb2-development-diagnostic-1,ecc_residual,41,translate_4_4,7a7301a60f0f347307026f5ce799848989a963ba1beed4d8da2a713d45ae4847,ok,,0.6148349620621919,0.6219927985456926,false
diagnostic-artifacts/v0.3,v0.3.0-pcb2-development-diagnostic-1,ecc_residual,42,control,c4f7d22c09e652fcf1c78095c9018b2303ab97bfe94aa5a1c8261beaa36af1bd,ok,,0.243948134578733,0.6219927985456926,false
diagnostic-artifacts/v0.3,v0.3.0-pcb2-development-diagnostic-1,ecc_residual,42,brightness_085,c4f7d22c09e652fcf1c78095c9018b2303ab97bfe94aa5a1c8261beaa36af1bd,ok,,0.2762791253154791,0.6219927985456926,false
diagnostic-artifacts/v0.3,v0.3.0-pcb2-development-diagnostic-1,ecc_residual,42,brightness_115,c4f7d22c09e652fcf1c78095c9018b2303ab97bfe94aa5a1c8261beaa36af1bd,ok,,0.28840674214725254,0.6219927985456926,false
diagnostic-artifacts/v0.3,v0.3.0-pcb2-development-diagnostic-1,ecc_residual,42,gaussian_blur,c4f7d22c09e652fcf1c78095c9018b2303ab97bfe94aa5a1c8261beaa36af1bd,ok,,0.23570660467766508,0.6219927985456926,false
diagnostic-artifacts/v0.3,v0.3.0-pcb2-development-diagnostic-1,ecc_residual,42,translate_4_4,c4f7d22c09e652fcf1c78095c9018b2303ab97bfe94aa5a1c8261beaa36af1bd,ok,,0.2442689013159089,0.6219927985456926,false
diagnostic-artifacts/v0.3,v0.3.0-pcb2-development-diagnostic-1,ecc_residual,43,control,27dc6750b60e97ba8b54162e259ef9d1f7e45ed4bf7212193a9980f7519ed93b,ok,,0.234272538402161,0.6219927985456926,false
diagnostic-artifacts/v0.3,v0.3.0-pcb2-development-diagnostic-1,ecc_residual,43,brightness_085,27dc6750b60e97ba8b54162e259ef9d1f7e45ed4bf7212193a9980f7519ed93b,ok,,0.21845424156400223,0.6219927985456926,false
diagnostic-artifacts/v0.3,v0.3.0-pcb2-development-diagnostic-1,ecc_residual,43,brightness_115,27dc6750b60e97ba8b54162e259ef9d1f7e45ed4bf7212193a9980f7519ed93b,ok,,0.30907090225803197,0.6219927985456926,false
diagnostic-artifacts/v0.3,v0.3.0-pcb2-development-diagnostic-1,ecc_residual,43,gaussian_blur,27dc6750b60e97ba8b54162e259ef9d1f7e45ed4bf7212193a9980f7519ed93b,ok,,0.2286937560838989,0.6219927985456926,false
diagnostic-artifacts/v0.3,v0.3.0-pcb2-development-diagnostic-1,ecc_residual,43,translate_4_4,27dc6750b60e97ba8b54162e259ef9d1f7e45ed4bf7212193a9980f7519ed93b,ok,,0.2326214619263818,0.6219927985456926,false
diagnostic-artifacts/v0.3,v0.3.0-pcb2-development-diagnostic-1,ecc_residual,44,control,22dab6cfa31738421bab58e61fcb8ad9356dbb0bf5136f6f7ee5141b71f19cdd,ok,,0.3057876986164584,0.6219927985456926,false
diagnostic-artifacts/v0.3,v0.3.0-pcb2-development-diagnostic-1,ecc_residual,44,brightness_085,22dab6cfa31738421bab58e61fcb8ad9356dbb0bf5136f6f7ee5141b71f19cdd,ok,,0.23589422028150236,0.6219927985456926,false
diagnostic-artifacts/v0.3,v0.3.0-pcb2-development-diagnostic-1,ecc_residual,44,brightness_115,22dab6cfa31738421bab58e61fcb8ad9356dbb0bf5136f6f7ee5141b71f19cdd,ok,,0.3768895868887881,0.6219927985456926,false
diagnostic-artifacts/v0.3,v0.3.0-pcb2-development-diagnostic-1,ecc_residual,44,gaussian_blur,22dab6cfa31738421bab58e61fcb8ad9356dbb0bf5136f6f7ee5141b71f19cdd,ok,,0.30135344238598133,0.6219927985456926,false
diagnostic-artifacts/v0.3,v0.3.0-pcb2-development-diagnostic-1,ecc_residual,44,translate_4_4,22dab6cfa31738421bab58e61fcb8ad9356dbb0bf5136f6f7ee5141b71f19cdd,ok,,0.30649062187611303,0.6219927985456926,false
diagnostic-artifacts/v0.3,v0.3.0-pcb2-development-diagnostic-1,ecc_residual,45,control,6f318124aad62c9983a0066adbdf31618dda3b6a8edfef64825cfdf1d81cd176,ok,,0.259049659162634,0.6219927985456926,false
diagnostic-artifacts/v0.3,v0.3.0-pcb2-development-diagnostic-1,ecc_residual,45,brightness_085,6f318124aad62c9983a0066adbdf31618dda3b6a8edfef64825cfdf1d81cd176,ok,,0.28253656967782775,0.6219927985456926,false
diagnostic-artifacts/v0.3,v0.3.0-pcb2-development-diagnostic-1,ecc_residual,45,brightness_115,6f318124aad62c9983a0066adbdf31618dda3b6a8edfef64825cfdf1d81cd176,ok,,0.30168246138950944,0.6219927985456926,false
diagnostic-artifacts/v0.3,v0.3.0-pcb2-development-diagnostic-1,ecc_residual,45,gaussian_blur,6f318124aad62c9983a0066adbdf31618dda3b6a8edfef64825cfdf1d81cd176,ok,,0.24996940902265316,0.6219927985456926,false
diagnostic-artifacts/v0.3,v0.3.0-pcb2-development-diagnostic-1,ecc_residual,45,translate_4_4,6f318124aad62c9983a0066adbdf31618dda3b6a8edfef64825cfdf1d81cd176,ok,,0.256013668218494,0.6219927985456926,false
diagnostic-artifacts/v0.3,v0.3.0-pcb2-development-diagnostic-1,ecc_residual,46,control,3c921696be67bf05284352160633665895b412b3fdb1aadeaa438ff97ec41444,ok,,0.33806536205462034,0.6219927985456926,false
diagnostic-artifacts/v0.3,v0.3.0-pcb2-development-diagnostic-1,ecc_residual,46,brightness_085,3c921696be67bf05284352160633665895b412b3fdb1aadeaa438ff97ec41444,ok,,0.36066932125200246,0.6219927985456926,false
diagnostic-artifacts/v0.3,v0.3.0-pcb2-development-diagnostic-1,ecc_residual,46,brightness_115,3c921696be67bf05284352160633665895b412b3fdb1aadeaa438ff97ec41444,ok,,0.3480788592096621,0.6219927985456926,false
diagnostic-artifacts/v0.3,v0.3.0-pcb2-development-diagnostic-1,ecc_residual,46,gaussian_blur,3c921696be67bf05284352160633665895b412b3fdb1aadeaa438ff97ec41444,ok,,0.3367364554968299,0.6219927985456926,false
diagnostic-artifacts/v0.3,v0.3.0-pcb2-development-diagnostic-1,ecc_residual,46,translate_4_4,3c921696be67bf05284352160633665895b412b3fdb1aadeaa438ff97ec41444,ok,,0.33917094259471686,0.6219927985456926,false
diagnostic-artifacts/v0.3,v0.3.0-pcb2-development-diagnostic-1,ecc_residual,47,control,db86126ed2c77cf41baad442a306541cccb12a9752e863d286911156d4f0eb2b,ok,,0.2573196914628588,0.6219927985456926,false
diagnostic-artifacts/v0.3,v0.3.0-pcb2-development-diagnostic-1,ecc_residual,47,brightness_085,db86126ed2c77cf41baad442a306541cccb12a9752e863d286911156d4f0eb2b,ok,,0.1941242415756616,0.6219927985456926,false
diagnostic-artifacts/v0.3,v0.3.0-pcb2-development-diagnostic-1,ecc_residual,47,brightness_115,db86126ed2c77cf41baad442a306541cccb12a9752e863d286911156d4f0eb2b,ok,,0.3340554191090387,0.6219927985456926,false
diagnostic-artifacts/v0.3,v0.3.0-pcb2-development-diagnostic-1,ecc_residual,47,gaussian_blur,db86126ed2c77cf41baad442a306541cccb12a9752e863d286911156d4f0eb2b,ok,,0.2523111866873528,0.6219927985456926,false
diagnostic-artifacts/v0.3,v0.3.0-pcb2-development-diagnostic-1,ecc_residual,47,translate_4_4,db86126ed2c77cf41baad442a306541cccb12a9752e863d286911156d4f0eb2b,ok,,0.2592839333767126,0.6219927985456926,false
diagnostic-artifacts/v0.3,v0.3.0-pcb2-development-diagnostic-1,ecc_residual,48,control,db7b97138aafcd55e3c356697e921a7cc8cdc72036857f1565445e44b7b8b195,ok,,0.2874663909779319,0.6219927985456926,false
diagnostic-artifacts/v0.3,v0.3.0-pcb2-development-diagnostic-1,ecc_residual,48,brightness_085,db7b97138aafcd55e3c356697e921a7cc8cdc72036857f1565445e44b7b8b195,ok,,0.25381947430754515,0.6219927985456926,false
diagnostic-artifacts/v0.3,v0.3.0-pcb2-development-diagnostic-1,ecc_residual,48,brightness_115,db7b97138aafcd55e3c356697e921a7cc8cdc72036857f1565445e44b7b8b195,ok,,0.36018571776931296,0.6219927985456926,false
diagnostic-artifacts/v0.3,v0.3.0-pcb2-development-diagnostic-1,ecc_residual,48,gaussian_blur,db7b97138aafcd55e3c356697e921a7cc8cdc72036857f1565445e44b7b8b195,ok,,0.2827755661704872,0.6219927985456926,false
diagnostic-artifacts/v0.3,v0.3.0-pcb2-development-diagnostic-1,ecc_residual,48,translate_4_4,db7b97138aafcd55e3c356697e921a7cc8cdc72036857f1565445e44b7b8b195,ok,,0.2864064213784435,0.6219927985456926,false
diagnostic-artifacts/v0.3,v0.3.0-pcb2-development-diagnostic-1,ecc_residual,49,control,1415ac2b6045b85f2bd10ac30201515cc9ad688cfa673b31fb5ee79f2abce9e1,ok,,0.6206649021508824,0.6219927985456926,false
diagnostic-artifacts/v0.3,v0.3.0-pcb2-development-diagnostic-1,ecc_residual,49,brightness_085,1415ac2b6045b85f2bd10ac30201515cc9ad688cfa673b31fb5ee79f2abce9e1,ok,,0.6115232430681398,0.6219927985456926,false
diagnostic-artifacts/v0.3,v0.3.0-pcb2-development-diagnostic-1,ecc_residual,49,brightness_115,1415ac2b6045b85f2bd10ac30201515cc9ad688cfa673b31fb5ee79f2abce9e1,ok,,0.6490008335324783,0.6219927985456926,true
diagnostic-artifacts/v0.3,v0.3.0-pcb2-development-diagnostic-1,ecc_residual,49,gaussian_blur,1415ac2b6045b85f2bd10ac30201515cc9ad688cfa673b31fb5ee79f2abce9e1,ok,,0.6173371545373136,0.6219927985456926,false
diagnostic-artifacts/v0.3,v0.3.0-pcb2-development-diagnostic-1,ecc_residual,49,translate_4_4,1415ac2b6045b85f2bd10ac30201515cc9ad688cfa673b31fb5ee79f2abce9e1,ok,,0.6203095537700734,0.6219927985456926,false
diagnostic-artifacts/v0.3,v0.3.0-pcb2-development-diagnostic-1,ecc_residual,50,control,9acbb0a9ed9faa08ff52030a7abb99c4f9e3d8b29ebd9299834f5ab06404d7ef,ok,,0.3157512447439166,0.6219927985456926,false
diagnostic-artifacts/v0.3,v0.3.0-pcb2-development-diagnostic-1,ecc_residual,50,brightness_085,9acbb0a9ed9faa08ff52030a7abb99c4f9e3d8b29ebd9299834f5ab06404d7ef,ok,,0.3524495448869995,0.6219927985456926,false
diagnostic-artifacts/v0.3,v0.3.0-pcb2-development-diagnostic-1,ecc_residual,50,brightness_115,9acbb0a9ed9faa08ff52030a7abb99c4f9e3d8b29ebd9299834f5ab06404d7ef,ok,,0.3257194510114847,0.6219927985456926,false
diagnostic-artifacts/v0.3,v0.3.0-pcb2-development-diagnostic-1,ecc_residual,50,gaussian_blur,9acbb0a9ed9faa08ff52030a7abb99c4f9e3d8b29ebd9299834f5ab06404d7ef,ok,,0.31397328362937715,0.6219927985456926,false
diagnostic-artifacts/v0.3,v0.3.0-pcb2-development-diagnostic-1,ecc_residual,50,translate_4_4,9acbb0a9ed9faa08ff52030a7abb99c4f9e3d8b29ebd9299834f5ab06404d7ef,ok,,0.3160065190638671,0.6219927985456926,false
diagnostic-artifacts/v0.3,v0.3.0-pcb2-development-diagnostic-1,ecc_residual,51,control,c45e7ae09a9c2e8ac6f0b7ca73b43294c2b9db6c74de659a297996e0f023d189,ok,,0.6155944595357034,0.6219927985456926,false
diagnostic-artifacts/v0.3,v0.3.0-pcb2-development-diagnostic-1,ecc_residual,51,brightness_085,c45e7ae09a9c2e8ac6f0b7ca73b43294c2b9db6c74de659a297996e0f023d189,ok,,0.6203539155455078,0.6219927985456926,false
diagnostic-artifacts/v0.3,v0.3.0-pcb2-development-diagnostic-1,ecc_residual,51,brightness_115,c45e7ae09a9c2e8ac6f0b7ca73b43294c2b9db6c74de659a297996e0f023d189,ok,,0.6391436289885879,0.6219927985456926,true
diagnostic-artifacts/v0.3,v0.3.0-pcb2-development-diagnostic-1,ecc_residual,51,gaussian_blur,c45e7ae09a9c2e8ac6f0b7ca73b43294c2b9db6c74de659a297996e0f023d189,ok,,0.6121229780122701,0.6219927985456926,false
diagnostic-artifacts/v0.3,v0.3.0-pcb2-development-diagnostic-1,ecc_residual,51,translate_4_4,c45e7ae09a9c2e8ac6f0b7ca73b43294c2b9db6c74de659a297996e0f023d189,ok,,0.6699358992938754,0.6219927985456926,true
diagnostic-artifacts/v0.3,v0.3.0-pcb2-development-diagnostic-1,ecc_residual,52,control,fd8c519e378ea9f569980a6de1fa4d9f30b8e6e8187478bfb9e263ef6509205b,ok,,0.23141950864957858,0.6219927985456926,false
diagnostic-artifacts/v0.3,v0.3.0-pcb2-development-diagnostic-1,ecc_residual,52,brightness_085,fd8c519e378ea9f569980a6de1fa4d9f30b8e6e8187478bfb9e263ef6509205b,ok,,0.2307769790857653,0.6219927985456926,false
diagnostic-artifacts/v0.3,v0.3.0-pcb2-development-diagnostic-1,ecc_residual,52,brightness_115,fd8c519e378ea9f569980a6de1fa4d9f30b8e6e8187478bfb9e263ef6509205b,ok,,0.2880227871647867,0.6219927985456926,false
diagnostic-artifacts/v0.3,v0.3.0-pcb2-development-diagnostic-1,ecc_residual,52,gaussian_blur,fd8c519e378ea9f569980a6de1fa4d9f30b8e6e8187478bfb9e263ef6509205b,ok,,0.22662968219332555,0.6219927985456926,false
diagnostic-artifacts/v0.3,v0.3.0-pcb2-development-diagnostic-1,ecc_residual,52,translate_4_4,fd8c519e378ea9f569980a6de1fa4d9f30b8e6e8187478bfb9e263ef6509205b,ok,,0.23149563637463855,0.6219927985456926,false
diagnostic-artifacts/v0.3,v0.3.0-pcb2-development-diagnostic-1,ecc_residual,53,control,5cfb0163f2df33c05ad7c5f45a742427f6547208121da6f495e256df18b2b751,ok,,0.21792637613377994,0.6219927985456926,false
diagnostic-artifacts/v0.3,v0.3.0-pcb2-development-diagnostic-1,ecc_residual,53,brightness_085,5cfb0163f2df33c05ad7c5f45a742427f6547208121da6f495e256df18b2b751,ok,,0.2412973587585904,0.6219927985456926,false
diagnostic-artifacts/v0.3,v0.3.0-pcb2-development-diagnostic-1,ecc_residual,53,brightness_115,5cfb0163f2df33c05ad7c5f45a742427f6547208121da6f495e256df18b2b751,ok,,0.2693123751866164,0.6219927985456926,false
diagnostic-artifacts/v0.3,v0.3.0-pcb2-development-diagnostic-1,ecc_residual,53,gaussian_blur,5cfb0163f2df33c05ad7c5f45a742427f6547208121da6f495e256df18b2b751,ok,,0.21269538743334984,0.6219927985456926,false
diagnostic-artifacts/v0.3,v0.3.0-pcb2-development-diagnostic-1,ecc_residual,53,translate_4_4,5cfb0163f2df33c05ad7c5f45a742427f6547208121da6f495e256df18b2b751,ok,,0.21957450219221758,0.6219927985456926,false
diagnostic-artifacts/v0.3,v0.3.0-pcb2-development-diagnostic-1,ecc_residual,54,control,0d3bb9be86246e8ebae1d7eb9a0754751e9ee36d9f1a4c805369c1403cf580ac,ok,,0.620351607387076,0.6219927985456926,false
diagnostic-artifacts/v0.3,v0.3.0-pcb2-development-diagnostic-1,ecc_residual,54,brightness_085,0d3bb9be86246e8ebae1d7eb9a0754751e9ee36d9f1a4c805369c1403cf580ac,ok,,0.6078960816065471,0.6219927985456926,false
diagnostic-artifacts/v0.3,v0.3.0-pcb2-development-diagnostic-1,ecc_residual,54,brightness_115,0d3bb9be86246e8ebae1d7eb9a0754751e9ee36d9f1a4c805369c1403cf580ac,ok,,0.648785595400927,0.6219927985456926,true
diagnostic-artifacts/v0.3,v0.3.0-pcb2-development-diagnostic-1,ecc_residual,54,gaussian_blur,0d3bb9be86246e8ebae1d7eb9a0754751e9ee36d9f1a4c805369c1403cf580ac,ok,,0.6165994905218294,0.6219927985456926,false
diagnostic-artifacts/v0.3,v0.3.0-pcb2-development-diagnostic-1,ecc_residual,54,translate_4_4,0d3bb9be86246e8ebae1d7eb9a0754751e9ee36d9f1a4c805369c1403cf580ac,ok,,0.6197120636827332,0.6219927985456926,false
diagnostic-artifacts/v0.3,v0.3.0-pcb2-development-diagnostic-1,ecc_residual,55,control,9816d5b9e53a1489f87e28915a5d7719eebad467e6b15d7c97b0f269784ed70b,ok,,0.2994759566673247,0.6219927985456926,false
diagnostic-artifacts/v0.3,v0.3.0-pcb2-development-diagnostic-1,ecc_residual,55,brightness_085,9816d5b9e53a1489f87e28915a5d7719eebad467e6b15d7c97b0f269784ed70b,ok,,0.25546835677910457,0.6219927985456926,false
diagnostic-artifacts/v0.3,v0.3.0-pcb2-development-diagnostic-1,ecc_residual,55,brightness_115,9816d5b9e53a1489f87e28915a5d7719eebad467e6b15d7c97b0f269784ed70b,ok,,0.3759191937210188,0.6219927985456926,false
diagnostic-artifacts/v0.3,v0.3.0-pcb2-development-diagnostic-1,ecc_residual,55,gaussian_blur,9816d5b9e53a1489f87e28915a5d7719eebad467e6b15d7c97b0f269784ed70b,ok,,0.2932800874239785,0.6219927985456926,false
diagnostic-artifacts/v0.3,v0.3.0-pcb2-development-diagnostic-1,ecc_residual,55,translate_4_4,9816d5b9e53a1489f87e28915a5d7719eebad467e6b15d7c97b0f269784ed70b,ok,,0.29904160527866097,0.6219927985456926,false
diagnostic-artifacts/v0.3,v0.3.0-pcb2-development-diagnostic-1,ecc_residual,56,control,94e1ce67dbc6f3c8c4d17ac3b183bf9325436e9a21537a2db0291f8f3b582071,ok,,0.5949503304083136,0.6219927985456926,false
diagnostic-artifacts/v0.3,v0.3.0-pcb2-development-diagnostic-1,ecc_residual,56,brightness_085,94e1ce67dbc6f3c8c4d17ac3b183bf9325436e9a21537a2db0291f8f3b582071,ok,,0.5835015051224061,0.6219927985456926,false
diagnostic-artifacts/v0.3,v0.3.0-pcb2-development-diagnostic-1,ecc_residual,56,brightness_115,94e1ce67dbc6f3c8c4d17ac3b183bf9325436e9a21537a2db0291f8f3b582071,ok,,0.6319905144001361,0.6219927985456926,true
diagnostic-artifacts/v0.3,v0.3.0-pcb2-development-diagnostic-1,ecc_residual,56,gaussian_blur,94e1ce67dbc6f3c8c4d17ac3b183bf9325436e9a21537a2db0291f8f3b582071,ok,,0.5912427127612794,0.6219927985456926,false
diagnostic-artifacts/v0.3,v0.3.0-pcb2-development-diagnostic-1,ecc_residual,56,translate_4_4,94e1ce67dbc6f3c8c4d17ac3b183bf9325436e9a21537a2db0291f8f3b582071,ok,,0.5966103000479911,0.6219927985456926,false
diagnostic-artifacts/v0.3,v0.3.0-pcb2-development-diagnostic-1,ecc_residual,57,control,c24f2e1a211a3545a88a73387d2f0968b841530afe069e79d4c93497d143074a,ok,,0.2548131224852574,0.6219927985456926,false
diagnostic-artifacts/v0.3,v0.3.0-pcb2-development-diagnostic-1,ecc_residual,57,brightness_085,c24f2e1a211a3545a88a73387d2f0968b841530afe069e79d4c93497d143074a,ok,,0.23196158697710761,0.6219927985456926,false
diagnostic-artifacts/v0.3,v0.3.0-pcb2-development-diagnostic-1,ecc_residual,57,brightness_115,c24f2e1a211a3545a88a73387d2f0968b841530afe069e79d4c93497d143074a,ok,,0.3316746558821151,0.6219927985456926,false
diagnostic-artifacts/v0.3,v0.3.0-pcb2-development-diagnostic-1,ecc_residual,57,gaussian_blur,c24f2e1a211a3545a88a73387d2f0968b841530afe069e79d4c93497d143074a,ok,,0.2514346410453571,0.6219927985456926,false
diagnostic-artifacts/v0.3,v0.3.0-pcb2-development-diagnostic-1,ecc_residual,57,translate_4_4,c24f2e1a211a3545a88a73387d2f0968b841530afe069e79d4c93497d143074a,ok,,0.25474695596010877,0.6219927985456926,false
diagnostic-artifacts/v0.3,v0.3.0-pcb2-development-diagnostic-1,ecc_residual,58,control,f95ac4aca3a1136ec90d588ed390feb7a92cb2b10cca92a1363ce54c094a0039,ok,,0.3274264162330813,0.6219927985456926,false
diagnostic-artifacts/v0.3,v0.3.0-pcb2-development-diagnostic-1,ecc_residual,58,brightness_085,f95ac4aca3a1136ec90d588ed390feb7a92cb2b10cca92a1363ce54c094a0039,ok,,0.35786906581976125,0.6219927985456926,false
diagnostic-artifacts/v0.3,v0.3.0-pcb2-development-diagnostic-1,ecc_residual,58,brightness_115,f95ac4aca3a1136ec90d588ed390feb7a92cb2b10cca92a1363ce54c094a0039,ok,,0.32735413020929777,0.6219927985456926,false
diagnostic-artifacts/v0.3,v0.3.0-pcb2-development-diagnostic-1,ecc_residual,58,gaussian_blur,f95ac4aca3a1136ec90d588ed390feb7a92cb2b10cca92a1363ce54c094a0039,ok,,0.32611395412980504,0.6219927985456926,false
diagnostic-artifacts/v0.3,v0.3.0-pcb2-development-diagnostic-1,ecc_residual,58,translate_4_4,f95ac4aca3a1136ec90d588ed390feb7a92cb2b10cca92a1363ce54c094a0039,ok,,0.3285947176682969,0.6219927985456926,false
diagnostic-artifacts/v0.3,v0.3.0-pcb2-development-diagnostic-1,ecc_residual,59,control,e7152e2e11bb5b68bdeaef5472d0dfba5cf4a8c19924a90a0b8a849c630223ba,ok,,0.3158979819785139,0.6219927985456926,false
diagnostic-artifacts/v0.3,v0.3.0-pcb2-development-diagnostic-1,ecc_residual,59,brightness_085,e7152e2e11bb5b68bdeaef5472d0dfba5cf4a8c19924a90a0b8a849c630223ba,ok,,0.35180028872552593,0.6219927985456926,false
diagnostic-artifacts/v0.3,v0.3.0-pcb2-development-diagnostic-1,ecc_residual,59,brightness_115,e7152e2e11bb5b68bdeaef5472d0dfba5cf4a8c19924a90a0b8a849c630223ba,ok,,0.3178589065899127,0.6219927985456926,false
diagnostic-artifacts/v0.3,v0.3.0-pcb2-development-diagnostic-1,ecc_residual,59,gaussian_blur,e7152e2e11bb5b68bdeaef5472d0dfba5cf4a8c19924a90a0b8a849c630223ba,ok,,0.3133976671682065,0.6219927985456926,false
diagnostic-artifacts/v0.3,v0.3.0-pcb2-development-diagnostic-1,ecc_residual,59,translate_4_4,e7152e2e11bb5b68bdeaef5472d0dfba5cf4a8c19924a90a0b8a849c630223ba,ok,,0.3158490355921784,0.6219927985456926,false
diagnostic-artifacts/v0.3,v0.3.0-pcb2-development-diagnostic-1,ecc_residual,60,control,f1136656a90609580ec23b83a107446fed396b9b1e6e5e6c8ca7e28d339687b5,ok,,0.6303246609520812,0.6219927985456926,true
diagnostic-artifacts/v0.3,v0.3.0-pcb2-development-diagnostic-1,ecc_residual,60,brightness_085,f1136656a90609580ec23b83a107446fed396b9b1e6e5e6c8ca7e28d339687b5,ok,,0.6186879872269772,0.6219927985456926,false
diagnostic-artifacts/v0.3,v0.3.0-pcb2-development-diagnostic-1,ecc_residual,60,brightness_115,f1136656a90609580ec23b83a107446fed396b9b1e6e5e6c8ca7e28d339687b5,ok,,0.6565780747288893,0.6219927985456926,true
diagnostic-artifacts/v0.3,v0.3.0-pcb2-development-diagnostic-1,ecc_residual,60,gaussian_blur,f1136656a90609580ec23b83a107446fed396b9b1e6e5e6c8ca7e28d339687b5,ok,,0.6270744447969686,0.6219927985456926,true
diagnostic-artifacts/v0.3,v0.3.0-pcb2-development-diagnostic-1,ecc_residual,60,translate_4_4,f1136656a90609580ec23b83a107446fed396b9b1e6e5e6c8ca7e28d339687b5,ok,,0.24965434589570706,0.6219927985456926,false
diagnostic-artifacts/v0.3,v0.3.0-pcb2-development-diagnostic-1,patch_hog_ocsvm,1,control,0e5fb0ad9534b8e3fe67d68464f519d7ad8176874e63185f1136b29945314a17,ok,,0.08634587657660049,0.14960269900890077,false
diagnostic-artifacts/v0.3,v0.3.0-pcb2-development-diagnostic-1,patch_hog_ocsvm,1,brightness_085,0e5fb0ad9534b8e3fe67d68464f519d7ad8176874e63185f1136b29945314a17,ok,,0.09008415074797055,0.14960269900890077,false
diagnostic-artifacts/v0.3,v0.3.0-pcb2-development-diagnostic-1,patch_hog_ocsvm,1,brightness_115,0e5fb0ad9534b8e3fe67d68464f519d7ad8176874e63185f1136b29945314a17,ok,,0.09545177289391328,0.14960269900890077,false
diagnostic-artifacts/v0.3,v0.3.0-pcb2-development-diagnostic-1,patch_hog_ocsvm,1,gaussian_blur,0e5fb0ad9534b8e3fe67d68464f519d7ad8176874e63185f1136b29945314a17,ok,,0.08818485807230132,0.14960269900890077,false
diagnostic-artifacts/v0.3,v0.3.0-pcb2-development-diagnostic-1,patch_hog_ocsvm,1,translate_4_4,0e5fb0ad9534b8e3fe67d68464f519d7ad8176874e63185f1136b29945314a17,ok,,0.0910465489860935,0.14960269900890077,false
diagnostic-artifacts/v0.3,v0.3.0-pcb2-development-diagnostic-1,patch_hog_ocsvm,2,control,0241c591669dd0e80a3c84adcb5947e5a3a8402146207d90dde66d71038a43cb,ok,,0.11352451809272592,0.14960269900890077,false
diagnostic-artifacts/v0.3,v0.3.0-pcb2-development-diagnostic-1,patch_hog_ocsvm,2,brightness_085,0241c591669dd0e80a3c84adcb5947e5a3a8402146207d90dde66d71038a43cb,ok,,0.11440676213710106,0.14960269900890077,false
diagnostic-artifacts/v0.3,v0.3.0-pcb2-development-diagnostic-1,patch_hog_ocsvm,2,brightness_115,0241c591669dd0e80a3c84adcb5947e5a3a8402146207d90dde66d71038a43cb,ok,,0.11374394596641192,0.14960269900890077,false
diagnostic-artifacts/v0.3,v0.3.0-pcb2-development-diagnostic-1,patch_hog_ocsvm,2,gaussian_blur,0241c591669dd0e80a3c84adcb5947e5a3a8402146207d90dde66d71038a43cb,ok,,0.12113152104754893,0.14960269900890077,false
diagnostic-artifacts/v0.3,v0.3.0-pcb2-development-diagnostic-1,patch_hog_ocsvm,2,translate_4_4,0241c591669dd0e80a3c84adcb5947e5a3a8402146207d90dde66d71038a43cb,ok,,0.09834865594549642,0.14960269900890077,false
diagnostic-artifacts/v0.3,v0.3.0-pcb2-development-diagnostic-1,patch_hog_ocsvm,3,control,48797429f3fe7dd67afbda08e122a2bb303c56bbce331a62025bcb8a308216df,ok,,0.1511363365330117,0.14960269900890077,true
diagnostic-artifacts/v0.3,v0.3.0-pcb2-development-diagnostic-1,patch_hog_ocsvm,3,brightness_085,48797429f3fe7dd67afbda08e122a2bb303c56bbce331a62025bcb8a308216df,ok,,0.15146419774369063,0.14960269900890077,true
diagnostic-artifacts/v0.3,v0.3.0-pcb2-development-diagnostic-1,patch_hog_ocsvm,3,brightness_115,48797429f3fe7dd67afbda08e122a2bb303c56bbce331a62025bcb8a308216df,ok,,0.15093996472383822,0.14960269900890077,true
diagnostic-artifacts/v0.3,v0.3.0-pcb2-development-diagnostic-1,patch_hog_ocsvm,3,gaussian_blur,48797429f3fe7dd67afbda08e122a2bb303c56bbce331a62025bcb8a308216df,ok,,0.1528724196057932,0.14960269900890077,true
diagnostic-artifacts/v0.3,v0.3.0-pcb2-development-diagnostic-1,patch_hog_ocsvm,3,translate_4_4,48797429f3fe7dd67afbda08e122a2bb303c56bbce331a62025bcb8a308216df,ok,,0.1475991668035421,0.14960269900890077,false
diagnostic-artifacts/v0.3,v0.3.0-pcb2-development-diagnostic-1,patch_hog_ocsvm,4,control,1aa144770eb7ec74bbdfa96b77e7e3746746260c669b1c063162c76c48c7ca75,ok,,0.13150137441255183,0.14960269900890077,false
diagnostic-artifacts/v0.3,v0.3.0-pcb2-development-diagnostic-1,patch_hog_ocsvm,4,brightness_085,1aa144770eb7ec74bbdfa96b77e7e3746746260c669b1c063162c76c48c7ca75,ok,,0.13226611677440367,0.14960269900890077,false
diagnostic-artifacts/v0.3,v0.3.0-pcb2-development-diagnostic-1,patch_hog_ocsvm,4,brightness_115,1aa144770eb7ec74bbdfa96b77e7e3746746260c669b1c063162c76c48c7ca75,ok,,0.1333942646895925,0.14960269900890077,false
diagnostic-artifacts/v0.3,v0.3.0-pcb2-development-diagnostic-1,patch_hog_ocsvm,4,gaussian_blur,1aa144770eb7ec74bbdfa96b77e7e3746746260c669b1c063162c76c48c7ca75,ok,,0.13273373277602685,0.14960269900890077,false
diagnostic-artifacts/v0.3,v0.3.0-pcb2-development-diagnostic-1,patch_hog_ocsvm,4,translate_4_4,1aa144770eb7ec74bbdfa96b77e7e3746746260c669b1c063162c76c48c7ca75,ok,,0.13301227936803064,0.14960269900890077,false
diagnostic-artifacts/v0.3,v0.3.0-pcb2-development-diagnostic-1,patch_hog_ocsvm,5,control,d82e283d61ba710b789340298aec2abde1a0b8f40e31fc96a1a3769dcd43d83a,ok,,0.0937157057785787,0.14960269900890077,false
diagnostic-artifacts/v0.3,v0.3.0-pcb2-development-diagnostic-1,patch_hog_ocsvm,5,brightness_085,d82e283d61ba710b789340298aec2abde1a0b8f40e31fc96a1a3769dcd43d83a,ok,,0.09397195019554505,0.14960269900890077,false
diagnostic-artifacts/v0.3,v0.3.0-pcb2-development-diagnostic-1,patch_hog_ocsvm,5,brightness_115,d82e283d61ba710b789340298aec2abde1a0b8f40e31fc96a1a3769dcd43d83a,ok,,0.09745159170387298,0.14960269900890077,false
diagnostic-artifacts/v0.3,v0.3.0-pcb2-development-diagnostic-1,patch_hog_ocsvm,5,gaussian_blur,d82e283d61ba710b789340298aec2abde1a0b8f40e31fc96a1a3769dcd43d83a,ok,,0.1014369493562563,0.14960269900890077,false
diagnostic-artifacts/v0.3,v0.3.0-pcb2-development-diagnostic-1,patch_hog_ocsvm,5,translate_4_4,d82e283d61ba710b789340298aec2abde1a0b8f40e31fc96a1a3769dcd43d83a,ok,,0.09422564570888474,0.14960269900890077,false
diagnostic-artifacts/v0.3,v0.3.0-pcb2-development-diagnostic-1,patch_hog_ocsvm,6,control,234b4b3ce5a61afebfb4af27009924196bb2e3a9fd83e82e0a2fc47e55b661ef,ok,,0.13980628701351114,0.14960269900890077,false
diagnostic-artifacts/v0.3,v0.3.0-pcb2-development-diagnostic-1,patch_hog_ocsvm,6,brightness_085,234b4b3ce5a61afebfb4af27009924196bb2e3a9fd83e82e0a2fc47e55b661ef,ok,,0.13846819057677473,0.14960269900890077,false
diagnostic-artifacts/v0.3,v0.3.0-pcb2-development-diagnostic-1,patch_hog_ocsvm,6,brightness_115,234b4b3ce5a61afebfb4af27009924196bb2e3a9fd83e82e0a2fc47e55b661ef,ok,,0.13955368456356795,0.14960269900890077,false
diagnostic-artifacts/v0.3,v0.3.0-pcb2-development-diagnostic-1,patch_hog_ocsvm,6,gaussian_blur,234b4b3ce5a61afebfb4af27009924196bb2e3a9fd83e82e0a2fc47e55b661ef,ok,,0.14568855496405178,0.14960269900890077,false
diagnostic-artifacts/v0.3,v0.3.0-pcb2-development-diagnostic-1,patch_hog_ocsvm,6,translate_4_4,234b4b3ce5a61afebfb4af27009924196bb2e3a9fd83e82e0a2fc47e55b661ef,ok,,0.11091186617830322,0.14960269900890077,false
diagnostic-artifacts/v0.3,v0.3.0-pcb2-development-diagnostic-1,patch_hog_ocsvm,7,control,dbc1388f8eb1d4d942a89c1134bfe4ba03c50230ba6d0ac5ce40bcd992824c77,ok,,0.10645690544890278,0.14960269900890077,false
diagnostic-artifacts/v0.3,v0.3.0-pcb2-development-diagnostic-1,patch_hog_ocsvm,7,brightness_085,dbc1388f8eb1d4d942a89c1134bfe4ba03c50230ba6d0ac5ce40bcd992824c77,ok,,0.10456457750141944,0.14960269900890077,false
diagnostic-artifacts/v0.3,v0.3.0-pcb2-development-diagnostic-1,patch_hog_ocsvm,7,brightness_115,dbc1388f8eb1d4d942a89c1134bfe4ba03c50230ba6d0ac5ce40bcd992824c77,ok,,0.11328042288409514,0.14960269900890077,false
diagnostic-artifacts/v0.3,v0.3.0-pcb2-development-diagnostic-1,patch_hog_ocsvm,7,gaussian_blur,dbc1388f8eb1d4d942a89c1134bfe4ba03c50230ba6d0ac5ce40bcd992824c77,ok,,0.10973991093225582,0.14960269900890077,false
diagnostic-artifacts/v0.3,v0.3.0-pcb2-development-diagnostic-1,patch_hog_ocsvm,7,translate_4_4,dbc1388f8eb1d4d942a89c1134bfe4ba03c50230ba6d0ac5ce40bcd992824c77,ok,,0.10151836898407059,0.14960269900890077,false
diagnostic-artifacts/v0.3,v0.3.0-pcb2-development-diagnostic-1,patch_hog_ocsvm,8,control,0508af287ed21b43758d12a1b51e6d3420939c56862df7177d9b280bef86b717,ok,,0.14161514331886396,0.14960269900890077,false
diagnostic-artifacts/v0.3,v0.3.0-pcb2-development-diagnostic-1,patch_hog_ocsvm,8,brightness_085,0508af287ed21b43758d12a1b51e6d3420939c56862df7177d9b280bef86b717,ok,,0.14055098924968393,0.14960269900890077,false
diagnostic-artifacts/v0.3,v0.3.0-pcb2-development-diagnostic-1,patch_hog_ocsvm,8,brightness_115,0508af287ed21b43758d12a1b51e6d3420939c56862df7177d9b280bef86b717,ok,,0.1405280419183819,0.14960269900890077,false
diagnostic-artifacts/v0.3,v0.3.0-pcb2-development-diagnostic-1,patch_hog_ocsvm,8,gaussian_blur,0508af287ed21b43758d12a1b51e6d3420939c56862df7177d9b280bef86b717,ok,,0.14321698408587802,0.14960269900890077,false
diagnostic-artifacts/v0.3,v0.3.0-pcb2-development-diagnostic-1,patch_hog_ocsvm,8,translate_4_4,0508af287ed21b43758d12a1b51e6d3420939c56862df7177d9b280bef86b717,ok,,0.1201151247353996,0.14960269900890077,false
diagnostic-artifacts/v0.3,v0.3.0-pcb2-development-diagnostic-1,patch_hog_ocsvm,9,control,9cb224e5ee71d0f8d279e3b0093b034c3510a85ad2170d1a16690e2ab1bd3856,ok,,0.12826749071959453,0.14960269900890077,false
diagnostic-artifacts/v0.3,v0.3.0-pcb2-development-diagnostic-1,patch_hog_ocsvm,9,brightness_085,9cb224e5ee71d0f8d279e3b0093b034c3510a85ad2170d1a16690e2ab1bd3856,ok,,0.12843438574904492,0.14960269900890077,false
diagnostic-artifacts/v0.3,v0.3.0-pcb2-development-diagnostic-1,patch_hog_ocsvm,9,brightness_115,9cb224e5ee71d0f8d279e3b0093b034c3510a85ad2170d1a16690e2ab1bd3856,ok,,0.12615213780180357,0.14960269900890077,false
diagnostic-artifacts/v0.3,v0.3.0-pcb2-development-diagnostic-1,patch_hog_ocsvm,9,gaussian_blur,9cb224e5ee71d0f8d279e3b0093b034c3510a85ad2170d1a16690e2ab1bd3856,ok,,0.14282454195620822,0.14960269900890077,false
diagnostic-artifacts/v0.3,v0.3.0-pcb2-development-diagnostic-1,patch_hog_ocsvm,9,translate_4_4,9cb224e5ee71d0f8d279e3b0093b034c3510a85ad2170d1a16690e2ab1bd3856,ok,,0.1278451080774332,0.14960269900890077,false
diagnostic-artifacts/v0.3,v0.3.0-pcb2-development-diagnostic-1,patch_hog_ocsvm,10,control,9f044a40b5b02c2d5be033cc8195a9ac71e5713845bc8d50cb8f235fd6073715,ok,,0.10277308394555217,0.14960269900890077,false
diagnostic-artifacts/v0.3,v0.3.0-pcb2-development-diagnostic-1,patch_hog_ocsvm,10,brightness_085,9f044a40b5b02c2d5be033cc8195a9ac71e5713845bc8d50cb8f235fd6073715,ok,,0.10063433645390964,0.14960269900890077,false
diagnostic-artifacts/v0.3,v0.3.0-pcb2-development-diagnostic-1,patch_hog_ocsvm,10,brightness_115,9f044a40b5b02c2d5be033cc8195a9ac71e5713845bc8d50cb8f235fd6073715,ok,,0.10115215639516884,0.14960269900890077,false
diagnostic-artifacts/v0.3,v0.3.0-pcb2-development-diagnostic-1,patch_hog_ocsvm,10,gaussian_blur,9f044a40b5b02c2d5be033cc8195a9ac71e5713845bc8d50cb8f235fd6073715,ok,,0.10664669088492369,0.14960269900890077,false
diagnostic-artifacts/v0.3,v0.3.0-pcb2-development-diagnostic-1,patch_hog_ocsvm,10,translate_4_4,9f044a40b5b02c2d5be033cc8195a9ac71e5713845bc8d50cb8f235fd6073715,ok,,0.09824970637031612,0.14960269900890077,false
diagnostic-artifacts/v0.3,v0.3.0-pcb2-development-diagnostic-1,patch_hog_ocsvm,11,control,51bceab335dabd86991b80ab3c55ec68bece078f2f764025234b9939502930dc,ok,,0.10096862863646859,0.14960269900890077,false
diagnostic-artifacts/v0.3,v0.3.0-pcb2-development-diagnostic-1,patch_hog_ocsvm,11,brightness_085,51bceab335dabd86991b80ab3c55ec68bece078f2f764025234b9939502930dc,ok,,0.10043717873913521,0.14960269900890077,false
diagnostic-artifacts/v0.3,v0.3.0-pcb2-development-diagnostic-1,patch_hog_ocsvm,11,brightness_115,51bceab335dabd86991b80ab3c55ec68bece078f2f764025234b9939502930dc,ok,,0.10579687266483002,0.14960269900890077,false
diagnostic-artifacts/v0.3,v0.3.0-pcb2-development-diagnostic-1,patch_hog_ocsvm,11,gaussian_blur,51bceab335dabd86991b80ab3c55ec68bece078f2f764025234b9939502930dc,ok,,0.10972921873783086,0.14960269900890077,false
diagnostic-artifacts/v0.3,v0.3.0-pcb2-development-diagnostic-1,patch_hog_ocsvm,11,translate_4_4,51bceab335dabd86991b80ab3c55ec68bece078f2f764025234b9939502930dc,ok,,0.10085096790666172,0.14960269900890077,false
diagnostic-artifacts/v0.3,v0.3.0-pcb2-development-diagnostic-1,patch_hog_ocsvm,12,control,10867ebf21b0c07e0bc1c918105fc3cc652f47263284314411316af483476d2f,ok,,0.12444078525068225,0.14960269900890077,false
diagnostic-artifacts/v0.3,v0.3.0-pcb2-development-diagnostic-1,patch_hog_ocsvm,12,brightness_085,10867ebf21b0c07e0bc1c918105fc3cc652f47263284314411316af483476d2f,ok,,0.12454266411445332,0.14960269900890077,false
diagnostic-artifacts/v0.3,v0.3.0-pcb2-development-diagnostic-1,patch_hog_ocsvm,12,brightness_115,10867ebf21b0c07e0bc1c918105fc3cc652f47263284314411316af483476d2f,ok,,0.128834168368343,0.14960269900890077,false
diagnostic-artifacts/v0.3,v0.3.0-pcb2-development-diagnostic-1,patch_hog_ocsvm,12,gaussian_blur,10867ebf21b0c07e0bc1c918105fc3cc652f47263284314411316af483476d2f,ok,,0.12667164740297046,0.14960269900890077,false
diagnostic-artifacts/v0.3,v0.3.0-pcb2-development-diagnostic-1,patch_hog_ocsvm,12,translate_4_4,10867ebf21b0c07e0bc1c918105fc3cc652f47263284314411316af483476d2f,ok,,0.12387277953349402,0.14960269900890077,false
diagnostic-artifacts/v0.3,v0.3.0-pcb2-development-diagnostic-1,patch_hog_ocsvm,13,control,33437c2ed443484cc342e125c3f5cc102bc611af86ea6829a3f727171f47c340,ok,,0.14738582283773896,0.14960269900890077,false
diagnostic-artifacts/v0.3,v0.3.0-pcb2-development-diagnostic-1,patch_hog_ocsvm,13,brightness_085,33437c2ed443484cc342e125c3f5cc102bc611af86ea6829a3f727171f47c340,ok,,0.14854722624775976,0.14960269900890077,false
diagnostic-artifacts/v0.3,v0.3.0-pcb2-development-diagnostic-1,patch_hog_ocsvm,13,brightness_115,33437c2ed443484cc342e125c3f5cc102bc611af86ea6829a3f727171f47c340,ok,,0.14638129420530263,0.14960269900890077,false
diagnostic-artifacts/v0.3,v0.3.0-pcb2-development-diagnostic-1,patch_hog_ocsvm,13,gaussian_blur,33437c2ed443484cc342e125c3f5cc102bc611af86ea6829a3f727171f47c340,ok,,0.1527782347104262,0.14960269900890077,true
diagnostic-artifacts/v0.3,v0.3.0-pcb2-development-diagnostic-1,patch_hog_ocsvm,13,translate_4_4,33437c2ed443484cc342e125c3f5cc102bc611af86ea6829a3f727171f47c340,ok,,0.15717992540880218,0.14960269900890077,true
diagnostic-artifacts/v0.3,v0.3.0-pcb2-development-diagnostic-1,patch_hog_ocsvm,14,control,0e10c8f2ad1ed73dea7d3b525d06e3da2ab7d211842ce0139621bad37ab8f8c1,ok,,0.09224297349853665,0.14960269900890077,false
diagnostic-artifacts/v0.3,v0.3.0-pcb2-development-diagnostic-1,patch_hog_ocsvm,14,brightness_085,0e10c8f2ad1ed73dea7d3b525d06e3da2ab7d211842ce0139621bad37ab8f8c1,ok,,0.08822509249671374,0.14960269900890077,false
diagnostic-artifacts/v0.3,v0.3.0-pcb2-development-diagnostic-1,patch_hog_ocsvm,14,brightness_115,0e10c8f2ad1ed73dea7d3b525d06e3da2ab7d211842ce0139621bad37ab8f8c1,ok,,0.09478250021731237,0.14960269900890077,false
diagnostic-artifacts/v0.3,v0.3.0-pcb2-development-diagnostic-1,patch_hog_ocsvm,14,gaussian_blur,0e10c8f2ad1ed73dea7d3b525d06e3da2ab7d211842ce0139621bad37ab8f8c1,ok,,0.09729786765072772,0.14960269900890077,false
diagnostic-artifacts/v0.3,v0.3.0-pcb2-development-diagnostic-1,patch_hog_ocsvm,14,translate_4_4,0e10c8f2ad1ed73dea7d3b525d06e3da2ab7d211842ce0139621bad37ab8f8c1,ok,,0.09287640097024648,0.14960269900890077,false
diagnostic-artifacts/v0.3,v0.3.0-pcb2-development-diagnostic-1,patch_hog_ocsvm,15,control,90d33ee2e9a799a84e4a055819667515caaf91ff173225fd92683f9df6d18286,ok,,0.09500403593138529,0.14960269900890077,false
diagnostic-artifacts/v0.3,v0.3.0-pcb2-development-diagnostic-1,patch_hog_ocsvm,15,brightness_085,90d33ee2e9a799a84e4a055819667515caaf91ff173225fd92683f9df6d18286,ok,,0.09179349566290985,0.14960269900890077,false
diagnostic-artifacts/v0.3,v0.3.0-pcb2-development-diagnostic-1,patch_hog_ocsvm,15,brightness_115,90d33ee2e9a799a84e4a055819667515caaf91ff173225fd92683f9df6d18286,ok,,0.09573644131559578,0.14960269900890077,false
diagnostic-artifacts/v0.3,v0.3.0-pcb2-development-diagnostic-1,patch_hog_ocsvm,15,gaussian_blur,90d33ee2e9a799a84e4a055819667515caaf91ff173225fd92683f9df6d18286,ok,,0.09924860810239894,0.14960269900890077,false
diagnostic-artifacts/v0.3,v0.3.0-pcb2-development-diagnostic-1,patch_hog_ocsvm,15,translate_4_4,90d33ee2e9a799a84e4a055819667515caaf91ff173225fd92683f9df6d18286,ok,,0.08884616841698162,0.14960269900890077,false
diagnostic-artifacts/v0.3,v0.3.0-pcb2-development-diagnostic-1,patch_hog_ocsvm,16,control,530cb31c98e7dc29e2d618490aee87b14dda1af7dc5601ce164404ef30fc5dca,ok,,0.12123683636248496,0.14960269900890077,false
diagnostic-artifacts/v0.3,v0.3.0-pcb2-development-diagnostic-1,patch_hog_ocsvm,16,brightness_085,530cb31c98e7dc29e2d618490aee87b14dda1af7dc5601ce164404ef30fc5dca,ok,,0.12183031729012454,0.14960269900890077,false
diagnostic-artifacts/v0.3,v0.3.0-pcb2-development-diagnostic-1,patch_hog_ocsvm,16,brightness_115,530cb31c98e7dc29e2d618490aee87b14dda1af7dc5601ce164404ef30fc5dca,ok,,0.1213711005886322,0.14960269900890077,false
diagnostic-artifacts/v0.3,v0.3.0-pcb2-development-diagnostic-1,patch_hog_ocsvm,16,gaussian_blur,530cb31c98e7dc29e2d618490aee87b14dda1af7dc5601ce164404ef30fc5dca,ok,,0.12883535183663317,0.14960269900890077,false
diagnostic-artifacts/v0.3,v0.3.0-pcb2-development-diagnostic-1,patch_hog_ocsvm,16,translate_4_4,530cb31c98e7dc29e2d618490aee87b14dda1af7dc5601ce164404ef30fc5dca,ok,,0.12187392213594621,0.14960269900890077,false
diagnostic-artifacts/v0.3,v0.3.0-pcb2-development-diagnostic-1,patch_hog_ocsvm,17,control,edbc77f387e7f63ede927fb3f20d3e4d1ed6edc526a504421adcee3eadf66230,ok,,0.10281750412916568,0.14960269900890077,false
diagnostic-artifacts/v0.3,v0.3.0-pcb2-development-diagnostic-1,patch_hog_ocsvm,17,brightness_085,edbc77f387e7f63ede927fb3f20d3e4d1ed6edc526a504421adcee3eadf66230,ok,,0.09861590458298604,0.14960269900890077,false
diagnostic-artifacts/v0.3,v0.3.0-pcb2-development-diagnostic-1,patch_hog_ocsvm,17,brightness_115,edbc77f387e7f63ede927fb3f20d3e4d1ed6edc526a504421adcee3eadf66230,ok,,0.10412187016721286,0.14960269900890077,false
diagnostic-artifacts/v0.3,v0.3.0-pcb2-development-diagnostic-1,patch_hog_ocsvm,17,gaussian_blur,edbc77f387e7f63ede927fb3f20d3e4d1ed6edc526a504421adcee3eadf66230,ok,,0.10303117374459152,0.14960269900890077,false
diagnostic-artifacts/v0.3,v0.3.0-pcb2-development-diagnostic-1,patch_hog_ocsvm,17,translate_4_4,edbc77f387e7f63ede927fb3f20d3e4d1ed6edc526a504421adcee3eadf66230,ok,,0.0909386757336606,0.14960269900890077,false
diagnostic-artifacts/v0.3,v0.3.0-pcb2-development-diagnostic-1,patch_hog_ocsvm,18,control,7231550d85c2703c13b184fc1ba28ff91a295901dcfee27e35dafd2d90ee5e75,ok,,0.08724697250830589,0.14960269900890077,false
diagnostic-artifacts/v0.3,v0.3.0-pcb2-development-diagnostic-1,patch_hog_ocsvm,18,brightness_085,7231550d85c2703c13b184fc1ba28ff91a295901dcfee27e35dafd2d90ee5e75,ok,,0.08674414306109157,0.14960269900890077,false
diagnostic-artifacts/v0.3,v0.3.0-pcb2-development-diagnostic-1,patch_hog_ocsvm,18,brightness_115,7231550d85c2703c13b184fc1ba28ff91a295901dcfee27e35dafd2d90ee5e75,ok,,0.08938231877990215,0.14960269900890077,false
diagnostic-artifacts/v0.3,v0.3.0-pcb2-development-diagnostic-1,patch_hog_ocsvm,18,gaussian_blur,7231550d85c2703c13b184fc1ba28ff91a295901dcfee27e35dafd2d90ee5e75,ok,,0.08952875876983402,0.14960269900890077,false
diagnostic-artifacts/v0.3,v0.3.0-pcb2-development-diagnostic-1,patch_hog_ocsvm,18,translate_4_4,7231550d85c2703c13b184fc1ba28ff91a295901dcfee27e35dafd2d90ee5e75,ok,,0.08678834478956643,0.14960269900890077,false
diagnostic-artifacts/v0.3,v0.3.0-pcb2-development-diagnostic-1,patch_hog_ocsvm,19,control,56251c6d33c8ef7e17630e558a6d81e832ea23c03b89a5adb482e01941918760,ok,,0.1405539103486352,0.14960269900890077,false
diagnostic-artifacts/v0.3,v0.3.0-pcb2-development-diagnostic-1,patch_hog_ocsvm,19,brightness_085,56251c6d33c8ef7e17630e558a6d81e832ea23c03b89a5adb482e01941918760,ok,,0.13918216477130527,0.14960269900890077,false
diagnostic-artifacts/v0.3,v0.3.0-pcb2-development-diagnostic-1,patch_hog_ocsvm,19,brightness_115,56251c6d33c8ef7e17630e558a6d81e832ea23c03b89a5adb482e01941918760,ok,,0.13988860869637512,0.14960269900890077,false
diagnostic-artifacts/v0.3,v0.3.0-pcb2-development-diagnostic-1,patch_hog_ocsvm,19,gaussian_blur,56251c6d33c8ef7e17630e558a6d81e832ea23c03b89a5adb482e01941918760,ok,,0.14009698793661204,0.14960269900890077,false
diagnostic-artifacts/v0.3,v0.3.0-pcb2-development-diagnostic-1,patch_hog_ocsvm,19,translate_4_4,56251c6d33c8ef7e17630e558a6d81e832ea23c03b89a5adb482e01941918760,ok,,0.1536815768011026,0.14960269900890077,true
diagnostic-artifacts/v0.3,v0.3.0-pcb2-development-diagnostic-1,patch_hog_ocsvm,20,control,f1a59a2162457195e94f1c233c4615652761a985337efceca2e5b3e9b085a218,ok,,0.08379597332757238,0.14960269900890077,false
diagnostic-artifacts/v0.3,v0.3.0-pcb2-development-diagnostic-1,patch_hog_ocsvm,20,brightness_085,f1a59a2162457195e94f1c233c4615652761a985337efceca2e5b3e9b085a218,ok,,0.08969418986677546,0.14960269900890077,false
diagnostic-artifacts/v0.3,v0.3.0-pcb2-development-diagnostic-1,patch_hog_ocsvm,20,brightness_115,f1a59a2162457195e94f1c233c4615652761a985337efceca2e5b3e9b085a218,ok,,0.0867713257011543,0.14960269900890077,false
diagnostic-artifacts/v0.3,v0.3.0-pcb2-development-diagnostic-1,patch_hog_ocsvm,20,gaussian_blur,f1a59a2162457195e94f1c233c4615652761a985337efceca2e5b3e9b085a218,ok,,0.0839724317220547,0.14960269900890077,false
diagnostic-artifacts/v0.3,v0.3.0-pcb2-development-diagnostic-1,patch_hog_ocsvm,20,translate_4_4,f1a59a2162457195e94f1c233c4615652761a985337efceca2e5b3e9b085a218,ok,,0.09385599318218163,0.14960269900890077,false
diagnostic-artifacts/v0.3,v0.3.0-pcb2-development-diagnostic-1,patch_hog_ocsvm,21,control,7278d4bee7ef009c379b99b6595e65309bddd86ba2ed4164396e0d74ca7fccab,ok,,0.11899725800961096,0.14960269900890077,false
diagnostic-artifacts/v0.3,v0.3.0-pcb2-development-diagnostic-1,patch_hog_ocsvm,21,brightness_085,7278d4bee7ef009c379b99b6595e65309bddd86ba2ed4164396e0d74ca7fccab,ok,,0.11742394230220791,0.14960269900890077,false
diagnostic-artifacts/v0.3,v0.3.0-pcb2-development-diagnostic-1,patch_hog_ocsvm,21,brightness_115,7278d4bee7ef009c379b99b6595e65309bddd86ba2ed4164396e0d74ca7fccab,ok,,0.12044283863744143,0.14960269900890077,false
diagnostic-artifacts/v0.3,v0.3.0-pcb2-development-diagnostic-1,patch_hog_ocsvm,21,gaussian_blur,7278d4bee7ef009c379b99b6595e65309bddd86ba2ed4164396e0d74ca7fccab,ok,,0.1231401167832361,0.14960269900890077,false
diagnostic-artifacts/v0.3,v0.3.0-pcb2-development-diagnostic-1,patch_hog_ocsvm,21,translate_4_4,7278d4bee7ef009c379b99b6595e65309bddd86ba2ed4164396e0d74ca7fccab,ok,,0.12389877009836735,0.14960269900890077,false
diagnostic-artifacts/v0.3,v0.3.0-pcb2-development-diagnostic-1,patch_hog_ocsvm,22,control,69dbc73f3e5527eedb44c4c9a77be92fa13a87f5a29c657cda8ae20f490ae900,ok,,0.09657113327022278,0.14960269900890077,false
diagnostic-artifacts/v0.3,v0.3.0-pcb2-development-diagnostic-1,patch_hog_ocsvm,22,brightness_085,69dbc73f3e5527eedb44c4c9a77be92fa13a87f5a29c657cda8ae20f490ae900,ok,,0.09178919617085791,0.14960269900890077,false
diagnostic-artifacts/v0.3,v0.3.0-pcb2-development-diagnostic-1,patch_hog_ocsvm,22,brightness_115,69dbc73f3e5527eedb44c4c9a77be92fa13a87f5a29c657cda8ae20f490ae900,ok,,0.1006994158659696,0.14960269900890077,false
diagnostic-artifacts/v0.3,v0.3.0-pcb2-development-diagnostic-1,patch_hog_ocsvm,22,gaussian_blur,69dbc73f3e5527eedb44c4c9a77be92fa13a87f5a29c657cda8ae20f490ae900,ok,,0.09341802402209526,0.14960269900890077,false
diagnostic-artifacts/v0.3,v0.3.0-pcb2-development-diagnostic-1,patch_hog_ocsvm,22,translate_4_4,69dbc73f3e5527eedb44c4c9a77be92fa13a87f5a29c657cda8ae20f490ae900,ok,,0.09334587588181105,0.14960269900890077,false
diagnostic-artifacts/v0.3,v0.3.0-pcb2-development-diagnostic-1,patch_hog_ocsvm,23,control,4c4ab1c59d3a0d9a4973c1ffe1635744f442897f51a75e2cfbc33817f07f0fb2,ok,,0.14821504320486925,0.14960269900890077,false
diagnostic-artifacts/v0.3,v0.3.0-pcb2-development-diagnostic-1,patch_hog_ocsvm,23,brightness_085,4c4ab1c59d3a0d9a4973c1ffe1635744f442897f51a75e2cfbc33817f07f0fb2,ok,,0.14916409288990337,0.14960269900890077,false
diagnostic-artifacts/v0.3,v0.3.0-pcb2-development-diagnostic-1,patch_hog_ocsvm,23,brightness_115,4c4ab1c59d3a0d9a4973c1ffe1635744f442897f51a75e2cfbc33817f07f0fb2,ok,,0.14699053214189503,0.14960269900890077,false
diagnostic-artifacts/v0.3,v0.3.0-pcb2-development-diagnostic-1,patch_hog_ocsvm,23,gaussian_blur,4c4ab1c59d3a0d9a4973c1ffe1635744f442897f51a75e2cfbc33817f07f0fb2,ok,,0.14637260504411717,0.14960269900890077,false
diagnostic-artifacts/v0.3,v0.3.0-pcb2-development-diagnostic-1,patch_hog_ocsvm,23,translate_4_4,4c4ab1c59d3a0d9a4973c1ffe1635744f442897f51a75e2cfbc33817f07f0fb2,ok,,0.15651310896588957,0.14960269900890077,true
diagnostic-artifacts/v0.3,v0.3.0-pcb2-development-diagnostic-1,patch_hog_ocsvm,24,control,6a70733df55b6c16f867cb483a25933620345344d6e8d5a702cb4dae5b7c7535,ok,,0.12203180281619491,0.14960269900890077,false
diagnostic-artifacts/v0.3,v0.3.0-pcb2-development-diagnostic-1,patch_hog_ocsvm,24,brightness_085,6a70733df55b6c16f867cb483a25933620345344d6e8d5a702cb4dae5b7c7535,ok,,0.12400971367377811,0.14960269900890077,false
diagnostic-artifacts/v0.3,v0.3.0-pcb2-development-diagnostic-1,patch_hog_ocsvm,24,brightness_115,6a70733df55b6c16f867cb483a25933620345344d6e8d5a702cb4dae5b7c7535,ok,,0.12314019219494889,0.14960269900890077,false
diagnostic-artifacts/v0.3,v0.3.0-pcb2-development-diagnostic-1,patch_hog_ocsvm,24,gaussian_blur,6a70733df55b6c16f867cb483a25933620345344d6e8d5a702cb4dae5b7c7535,ok,,0.13136343017649596,0.14960269900890077,false
diagnostic-artifacts/v0.3,v0.3.0-pcb2-development-diagnostic-1,patch_hog_ocsvm,24,translate_4_4,6a70733df55b6c16f867cb483a25933620345344d6e8d5a702cb4dae5b7c7535,ok,,0.12183969203205548,0.14960269900890077,false
diagnostic-artifacts/v0.3,v0.3.0-pcb2-development-diagnostic-1,patch_hog_ocsvm,25,control,a32707a4b34e94e8ceeac58cd31e22f54ff8e9968b3a7ff4a190ca9100d1f233,ok,,0.08431857283320575,0.14960269900890077,false
diagnostic-artifacts/v0.3,v0.3.0-pcb2-development-diagnostic-1,patch_hog_ocsvm,25,brightness_085,a32707a4b34e94e8ceeac58cd31e22f54ff8e9968b3a7ff4a190ca9100d1f233,ok,,0.07930286440660118,0.14960269900890077,false
diagnostic-artifacts/v0.3,v0.3.0-pcb2-development-diagnostic-1,patch_hog_ocsvm,25,brightness_115,a32707a4b34e94e8ceeac58cd31e22f54ff8e9968b3a7ff4a190ca9100d1f233,ok,,0.08614068986154359,0.14960269900890077,false
diagnostic-artifacts/v0.3,v0.3.0-pcb2-development-diagnostic-1,patch_hog_ocsvm,25,gaussian_blur,a32707a4b34e94e8ceeac58cd31e22f54ff8e9968b3a7ff4a190ca9100d1f233,ok,,0.09088321508786472,0.14960269900890077,false
diagnostic-artifacts/v0.3,v0.3.0-pcb2-development-diagnostic-1,patch_hog_ocsvm,25,translate_4_4,a32707a4b34e94e8ceeac58cd31e22f54ff8e9968b3a7ff4a190ca9100d1f233,ok,,0.06938402917197167,0.14960269900890077,false
diagnostic-artifacts/v0.3,v0.3.0-pcb2-development-diagnostic-1,patch_hog_ocsvm,26,control,9fc1e7ff65aa1c91c98455a595b151b33bba809686a5068f7f984d2546bc1b39,ok,,0.10457126577835583,0.14960269900890077,false
diagnostic-artifacts/v0.3,v0.3.0-pcb2-development-diagnostic-1,patch_hog_ocsvm,26,brightness_085,9fc1e7ff65aa1c91c98455a595b151b33bba809686a5068f7f984d2546bc1b39,ok,,0.10450753622695262,0.14960269900890077,false
diagnostic-artifacts/v0.3,v0.3.0-pcb2-development-diagnostic-1,patch_hog_ocsvm,26,brightness_115,9fc1e7ff65aa1c91c98455a595b151b33bba809686a5068f7f984d2546bc1b39,ok,,0.10987943006533492,0.14960269900890077,false
diagnostic-artifacts/v0.3,v0.3.0-pcb2-development-diagnostic-1,patch_hog_ocsvm,26,gaussian_blur,9fc1e7ff65aa1c91c98455a595b151b33bba809686a5068f7f984d2546bc1b39,ok,,0.09799200801280154,0.14960269900890077,false
diagnostic-artifacts/v0.3,v0.3.0-pcb2-development-diagnostic-1,patch_hog_ocsvm,26,translate_4_4,9fc1e7ff65aa1c91c98455a595b151b33bba809686a5068f7f984d2546bc1b39,ok,,0.11344883880085334,0.14960269900890077,false
diagnostic-artifacts/v0.3,v0.3.0-pcb2-development-diagnostic-1,patch_hog_ocsvm,27,control,a93d14fe26aaeb8adc33d8b4847b8dbac8bc18f40ab31dc530e3f77f7f9c39d5,ok,,0.1424137301410339,0.14960269900890077,false
diagnostic-artifacts/v0.3,v0.3.0-pcb2-development-diagnostic-1,patch_hog_ocsvm,27,brightness_085,a93d14fe26aaeb8adc33d8b4847b8dbac8bc18f40ab31dc530e3f77f7f9c39d5,ok,,0.14259913931952548,0.14960269900890077,false
diagnostic-artifacts/v0.3,v0.3.0-pcb2-development-diagnostic-1,patch_hog_ocsvm,27,brightness_115,a93d14fe26aaeb8adc33d8b4847b8dbac8bc18f40ab31dc530e3f77f7f9c39d5,ok,,0.141706403655193,0.14960269900890077,false
diagnostic-artifacts/v0.3,v0.3.0-pcb2-development-diagnostic-1,patch_hog_ocsvm,27,gaussian_blur,a93d14fe26aaeb8adc33d8b4847b8dbac8bc18f40ab31dc530e3f77f7f9c39d5,ok,,0.14790917710765775,0.14960269900890077,false
diagnostic-artifacts/v0.3,v0.3.0-pcb2-development-diagnostic-1,patch_hog_ocsvm,27,translate_4_4,a93d14fe26aaeb8adc33d8b4847b8dbac8bc18f40ab31dc530e3f77f7f9c39d5,ok,,0.15332242838571467,0.14960269900890077,true
diagnostic-artifacts/v0.3,v0.3.0-pcb2-development-diagnostic-1,patch_hog_ocsvm,28,control,b06b6cecacef6a43990bbeaaed6260627478b2b441b2effc4b7762449f6b5b6c,ok,,0.08533723928992583,0.14960269900890077,false
diagnostic-artifacts/v0.3,v0.3.0-pcb2-development-diagnostic-1,patch_hog_ocsvm,28,brightness_085,b06b6cecacef6a43990bbeaaed6260627478b2b441b2effc4b7762449f6b5b6c,ok,,0.08327296288655839,0.14960269900890077,false
diagnostic-artifacts/v0.3,v0.3.0-pcb2-development-diagnostic-1,patch_hog_ocsvm,28,brightness_115,b06b6cecacef6a43990bbeaaed6260627478b2b441b2effc4b7762449f6b5b6c,ok,,0.08733394953400066,0.14960269900890077,false
diagnostic-artifacts/v0.3,v0.3.0-pcb2-development-diagnostic-1,patch_hog_ocsvm,28,gaussian_blur,b06b6cecacef6a43990bbeaaed6260627478b2b441b2effc4b7762449f6b5b6c,ok,,0.07991379693998545,0.14960269900890077,false
diagnostic-artifacts/v0.3,v0.3.0-pcb2-development-diagnostic-1,patch_hog_ocsvm,28,translate_4_4,b06b6cecacef6a43990bbeaaed6260627478b2b441b2effc4b7762449f6b5b6c,ok,,0.08652381348657234,0.14960269900890077,false
diagnostic-artifacts/v0.3,v0.3.0-pcb2-development-diagnostic-1,patch_hog_ocsvm,29,control,4171071a00e9a2bfd297863b8de22844f57a84ac4272ce5da02c40b9f9bff1eb,ok,,0.10008872178407587,0.14960269900890077,false
diagnostic-artifacts/v0.3,v0.3.0-pcb2-development-diagnostic-1,patch_hog_ocsvm,29,brightness_085,4171071a00e9a2bfd297863b8de22844f57a84ac4272ce5da02c40b9f9bff1eb,ok,,0.10310462646674866,0.14960269900890077,false
diagnostic-artifacts/v0.3,v0.3.0-pcb2-development-diagnostic-1,patch_hog_ocsvm,29,brightness_115,4171071a00e9a2bfd297863b8de22844f57a84ac4272ce5da02c40b9f9bff1eb,ok,,0.10502653844369042,0.14960269900890077,false
diagnostic-artifacts/v0.3,v0.3.0-pcb2-development-diagnostic-1,patch_hog_ocsvm,29,gaussian_blur,4171071a00e9a2bfd297863b8de22844f57a84ac4272ce5da02c40b9f9bff1eb,ok,,0.1022902256235715,0.14960269900890077,false
diagnostic-artifacts/v0.3,v0.3.0-pcb2-development-diagnostic-1,patch_hog_ocsvm,29,translate_4_4,4171071a00e9a2bfd297863b8de22844f57a84ac4272ce5da02c40b9f9bff1eb,ok,,0.1181835369242904,0.14960269900890077,false
diagnostic-artifacts/v0.3,v0.3.0-pcb2-development-diagnostic-1,patch_hog_ocsvm,30,control,07d251c71f8a944a608751cd7b1c22d642d8a09915bd15d4ad1e731ee6f7e790,ok,,0.098346132610148,0.14960269900890077,false
diagnostic-artifacts/v0.3,v0.3.0-pcb2-development-diagnostic-1,patch_hog_ocsvm,30,brightness_085,07d251c71f8a944a608751cd7b1c22d642d8a09915bd15d4ad1e731ee6f7e790,ok,,0.09451054199262887,0.14960269900890077,false
diagnostic-artifacts/v0.3,v0.3.0-pcb2-development-diagnostic-1,patch_hog_ocsvm,30,brightness_115,07d251c71f8a944a608751cd7b1c22d642d8a09915bd15d4ad1e731ee6f7e790,ok,,0.10160454487839322,0.14960269900890077,false
diagnostic-artifacts/v0.3,v0.3.0-pcb2-development-diagnostic-1,patch_hog_ocsvm,30,gaussian_blur,07d251c71f8a944a608751cd7b1c22d642d8a09915bd15d4ad1e731ee6f7e790,ok,,0.10258356315586294,0.14960269900890077,false
diagnostic-artifacts/v0.3,v0.3.0-pcb2-development-diagnostic-1,patch_hog_ocsvm,30,translate_4_4,07d251c71f8a944a608751cd7b1c22d642d8a09915bd15d4ad1e731ee6f7e790,ok,,0.10428752522809615,0.14960269900890077,false
diagnostic-artifacts/v0.3,v0.3.0-pcb2-development-diagnostic-1,patch_hog_ocsvm,31,control,7f5b53b1e57dddd6258fa34df6cd79e46df7a02dcbe383b3e5f287f6f71603e1,ok,,0.13535908083874412,0.14960269900890077,false
diagnostic-artifacts/v0.3,v0.3.0-pcb2-development-diagnostic-1,patch_hog_ocsvm,31,brightness_085,7f5b53b1e57dddd6258fa34df6cd79e46df7a02dcbe383b3e5f287f6f71603e1,ok,,0.13393890607917483,0.14960269900890077,false
diagnostic-artifacts/v0.3,v0.3.0-pcb2-development-diagnostic-1,patch_hog_ocsvm,31,brightness_115,7f5b53b1e57dddd6258fa34df6cd79e46df7a02dcbe383b3e5f287f6f71603e1,ok,,0.13657214648624333,0.14960269900890077,false
diagnostic-artifacts/v0.3,v0.3.0-pcb2-development-diagnostic-1,patch_hog_ocsvm,31,gaussian_blur,7f5b53b1e57dddd6258fa34df6cd79e46df7a02dcbe383b3e5f287f6f71603e1,ok,,0.13570999453610236,0.14960269900890077,false
diagnostic-artifacts/v0.3,v0.3.0-pcb2-development-diagnostic-1,patch_hog_ocsvm,31,translate_4_4,7f5b53b1e57dddd6258fa34df6cd79e46df7a02dcbe383b3e5f287f6f71603e1,ok,,0.13355161657055217,0.14960269900890077,false
diagnostic-artifacts/v0.3,v0.3.0-pcb2-development-diagnostic-1,patch_hog_ocsvm,32,control,6d21a5a097eaf54c26997a79ba17a30b800d90c47344d7515877bea9924b80ea,ok,,0.1424166613578045,0.14960269900890077,false
diagnostic-artifacts/v0.3,v0.3.0-pcb2-development-diagnostic-1,patch_hog_ocsvm,32,brightness_085,6d21a5a097eaf54c26997a79ba17a30b800d90c47344d7515877bea9924b80ea,ok,,0.14228416477385,0.14960269900890077,false
diagnostic-artifacts/v0.3,v0.3.0-pcb2-development-diagnostic-1,patch_hog_ocsvm,32,brightness_115,6d21a5a097eaf54c26997a79ba17a30b800d90c47344d7515877bea9924b80ea,ok,,0.1417647847661792,0.14960269900890077,false
diagnostic-artifacts/v0.3,v0.3.0-pcb2-development-diagnostic-1,patch_hog_ocsvm,32,gaussian_blur,6d21a5a097eaf54c26997a79ba17a30b800d90c47344d7515877bea9924b80ea,ok,,0.1418239489484151,0.14960269900890077,false
diagnostic-artifacts/v0.3,v0.3.0-pcb2-development-diagnostic-1,patch_hog_ocsvm,32,translate_4_4,6d21a5a097eaf54c26997a79ba17a30b800d90c47344d7515877bea9924b80ea,ok,,0.129217198765344,0.14960269900890077,false
diagnostic-artifacts/v0.3,v0.3.0-pcb2-development-diagnostic-1,patch_hog_ocsvm,33,control,a23bb6fe9a6a903bb629082833a5b77cfda08caa7af47e55c7383ed3ff11d20e,ok,,0.11714082263776554,0.14960269900890077,false
diagnostic-artifacts/v0.3,v0.3.0-pcb2-development-diagnostic-1,patch_hog_ocsvm,33,brightness_085,a23bb6fe9a6a903bb629082833a5b77cfda08caa7af47e55c7383ed3ff11d20e,ok,,0.11752562193570293,0.14960269900890077,false
diagnostic-artifacts/v0.3,v0.3.0-pcb2-development-diagnostic-1,patch_hog_ocsvm,33,brightness_115,a23bb6fe9a6a903bb629082833a5b77cfda08caa7af47e55c7383ed3ff11d20e,ok,,0.1155904462135281,0.14960269900890077,false
diagnostic-artifacts/v0.3,v0.3.0-pcb2-development-diagnostic-1,patch_hog_ocsvm,33,gaussian_blur,a23bb6fe9a6a903bb629082833a5b77cfda08caa7af47e55c7383ed3ff11d20e,ok,,0.12141405062570083,0.14960269900890077,false
diagnostic-artifacts/v0.3,v0.3.0-pcb2-development-diagnostic-1,patch_hog_ocsvm,33,translate_4_4,a23bb6fe9a6a903bb629082833a5b77cfda08caa7af47e55c7383ed3ff11d20e,ok,,0.11981240701517092,0.14960269900890077,false
diagnostic-artifacts/v0.3,v0.3.0-pcb2-development-diagnostic-1,patch_hog_ocsvm,34,control,f9a441ae5bf3fe3da948ef31670e5aaffbb64dc1717eaed1f2e7b9173550fe33,ok,,0.09072988190602223,0.14960269900890077,false
diagnostic-artifacts/v0.3,v0.3.0-pcb2-development-diagnostic-1,patch_hog_ocsvm,34,brightness_085,f9a441ae5bf3fe3da948ef31670e5aaffbb64dc1717eaed1f2e7b9173550fe33,ok,,0.0888503717314919,0.14960269900890077,false
diagnostic-artifacts/v0.3,v0.3.0-pcb2-development-diagnostic-1,patch_hog_ocsvm,34,brightness_115,f9a441ae5bf3fe3da948ef31670e5aaffbb64dc1717eaed1f2e7b9173550fe33,ok,,0.0964295466923746,0.14960269900890077,false
diagnostic-artifacts/v0.3,v0.3.0-pcb2-development-diagnostic-1,patch_hog_ocsvm,34,gaussian_blur,f9a441ae5bf3fe3da948ef31670e5aaffbb64dc1717eaed1f2e7b9173550fe33,ok,,0.10262482021344232,0.14960269900890077,false
diagnostic-artifacts/v0.3,v0.3.0-pcb2-development-diagnostic-1,patch_hog_ocsvm,34,translate_4_4,f9a441ae5bf3fe3da948ef31670e5aaffbb64dc1717eaed1f2e7b9173550fe33,ok,,0.07833831224425156,0.14960269900890077,false
diagnostic-artifacts/v0.3,v0.3.0-pcb2-development-diagnostic-1,patch_hog_ocsvm,35,control,1b99e73a031d22972ad98be088899fba7dc82845c571393f55f9c3a5a5d7bbc6,ok,,0.0924176438349323,0.14960269900890077,false
diagnostic-artifacts/v0.3,v0.3.0-pcb2-development-diagnostic-1,patch_hog_ocsvm,35,brightness_085,1b99e73a031d22972ad98be088899fba7dc82845c571393f55f9c3a5a5d7bbc6,ok,,0.09299071680924426,0.14960269900890077,false
diagnostic-artifacts/v0.3,v0.3.0-pcb2-development-diagnostic-1,patch_hog_ocsvm,35,brightness_115,1b99e73a031d22972ad98be088899fba7dc82845c571393f55f9c3a5a5d7bbc6,ok,,0.09738617186059573,0.14960269900890077,false
diagnostic-artifacts/v0.3,v0.3.0-pcb2-development-diagnostic-1,patch_hog_ocsvm,35,gaussian_blur,1b99e73a031d22972ad98be088899fba7dc82845c571393f55f9c3a5a5d7bbc6,ok,,0.0954931977649575,0.14960269900890077,false
diagnostic-artifacts/v0.3,v0.3.0-pcb2-development-diagnostic-1,patch_hog_ocsvm,35,translate_4_4,1b99e73a031d22972ad98be088899fba7dc82845c571393f55f9c3a5a5d7bbc6,ok,,0.09460350806083957,0.14960269900890077,false
diagnostic-artifacts/v0.3,v0.3.0-pcb2-development-diagnostic-1,patch_hog_ocsvm,36,control,af94f30394536d36f4701554f5e8de9814d3b2794907da08151a6c8502caffd5,ok,,0.10408357190900314,0.14960269900890077,false
diagnostic-artifacts/v0.3,v0.3.0-pcb2-development-diagnostic-1,patch_hog_ocsvm,36,brightness_085,af94f30394536d36f4701554f5e8de9814d3b2794907da08151a6c8502caffd5,ok,,0.09988072928396925,0.14960269900890077,false
diagnostic-artifacts/v0.3,v0.3.0-pcb2-development-diagnostic-1,patch_hog_ocsvm,36,brightness_115,af94f30394536d36f4701554f5e8de9814d3b2794907da08151a6c8502caffd5,ok,,0.10355808386034215,0.14960269900890077,false
diagnostic-artifacts/v0.3,v0.3.0-pcb2-development-diagnostic-1,patch_hog_ocsvm,36,gaussian_blur,af94f30394536d36f4701554f5e8de9814d3b2794907da08151a6c8502caffd5,ok,,0.11167318280209822,0.14960269900890077,false
diagnostic-artifacts/v0.3,v0.3.0-pcb2-development-diagnostic-1,patch_hog_ocsvm,36,translate_4_4,af94f30394536d36f4701554f5e8de9814d3b2794907da08151a6c8502caffd5,ok,,0.07928395587422603,0.14960269900890077,false
diagnostic-artifacts/v0.3,v0.3.0-pcb2-development-diagnostic-1,patch_hog_ocsvm,37,control,159f6a9f34cfd81f19abed77637a7215bd31f6b97b4c9ea770e8e58f8e31d28d,ok,,0.10084656803575999,0.14960269900890077,false
diagnostic-artifacts/v0.3,v0.3.0-pcb2-development-diagnostic-1,patch_hog_ocsvm,37,brightness_085,159f6a9f34cfd81f19abed77637a7215bd31f6b97b4c9ea770e8e58f8e31d28d,ok,,0.09673854894301147,0.14960269900890077,false
diagnostic-artifacts/v0.3,v0.3.0-pcb2-development-diagnostic-1,patch_hog_ocsvm,37,brightness_115,159f6a9f34cfd81f19abed77637a7215bd31f6b97b4c9ea770e8e58f8e31d28d,ok,,0.10799231988569553,0.14960269900890077,false
diagnostic-artifacts/v0.3,v0.3.0-pcb2-development-diagnostic-1,patch_hog_ocsvm,37,gaussian_blur,159f6a9f34cfd81f19abed77637a7215bd31f6b97b4c9ea770e8e58f8e31d28d,ok,,0.09545324684440544,0.14960269900890077,false
diagnostic-artifacts/v0.3,v0.3.0-pcb2-development-diagnostic-1,patch_hog_ocsvm,37,translate_4_4,159f6a9f34cfd81f19abed77637a7215bd31f6b97b4c9ea770e8e58f8e31d28d,ok,,0.10473623469326294,0.14960269900890077,false
diagnostic-artifacts/v0.3,v0.3.0-pcb2-development-diagnostic-1,patch_hog_ocsvm,38,control,bbb915ce5aa6bcf76ba41675032580a6930cd7034149cc18b51f179f25611766,ok,,0.0887714674785453,0.14960269900890077,false
diagnostic-artifacts/v0.3,v0.3.0-pcb2-development-diagnostic-1,patch_hog_ocsvm,38,brightness_085,bbb915ce5aa6bcf76ba41675032580a6930cd7034149cc18b51f179f25611766,ok,,0.09151121043739326,0.14960269900890077,false
diagnostic-artifacts/v0.3,v0.3.0-pcb2-development-diagnostic-1,patch_hog_ocsvm,38,brightness_115,bbb915ce5aa6bcf76ba41675032580a6930cd7034149cc18b51f179f25611766,ok,,0.08820884070130924,0.14960269900890077,false
diagnostic-artifacts/v0.3,v0.3.0-pcb2-development-diagnostic-1,patch_hog_ocsvm,38,gaussian_blur,bbb915ce5aa6bcf76ba41675032580a6930cd7034149cc18b51f179f25611766,ok,,0.09471696230518684,0.14960269900890077,false
diagnostic-artifacts/v0.3,v0.3.0-pcb2-development-diagnostic-1,patch_hog_ocsvm,38,translate_4_4,bbb915ce5aa6bcf76ba41675032580a6930cd7034149cc18b51f179f25611766,ok,,0.11264680294682917,0.14960269900890077,false
diagnostic-artifacts/v0.3,v0.3.0-pcb2-development-diagnostic-1,patch_hog_ocsvm,39,control,51c897657693c125706ae1479136eee409d1b96f250c4796cbdc4672583935d0,ok,,0.11314753906966901,0.14960269900890077,false
diagnostic-artifacts/v0.3,v0.3.0-pcb2-development-diagnostic-1,patch_hog_ocsvm,39,brightness_085,51c897657693c125706ae1479136eee409d1b96f250c4796cbdc4672583935d0,ok,,0.11347527528413144,0.14960269900890077,false
diagnostic-artifacts/v0.3,v0.3.0-pcb2-development-diagnostic-1,patch_hog_ocsvm,39,brightness_115,51c897657693c125706ae1479136eee409d1b96f250c4796cbdc4672583935d0,ok,,0.11473463674984029,0.14960269900890077,false
diagnostic-artifacts/v0.3,v0.3.0-pcb2-development-diagnostic-1,patch_hog_ocsvm,39,gaussian_blur,51c897657693c125706ae1479136eee409d1b96f250c4796cbdc4672583935d0,ok,,0.12043116397788817,0.14960269900890077,false
diagnostic-artifacts/v0.3,v0.3.0-pcb2-development-diagnostic-1,patch_hog_ocsvm,39,translate_4_4,51c897657693c125706ae1479136eee409d1b96f250c4796cbdc4672583935d0,ok,,0.10002635362473866,0.14960269900890077,false
diagnostic-artifacts/v0.3,v0.3.0-pcb2-development-diagnostic-1,patch_hog_ocsvm,40,control,1547601749f5ed937972297999b3819c3de5da096085afdc644d1e7fde66a109,ok,,0.12812299900732993,0.14960269900890077,false
diagnostic-artifacts/v0.3,v0.3.0-pcb2-development-diagnostic-1,patch_hog_ocsvm,40,brightness_085,1547601749f5ed937972297999b3819c3de5da096085afdc644d1e7fde66a109,ok,,0.12964711735402176,0.14960269900890077,false
diagnostic-artifacts/v0.3,v0.3.0-pcb2-development-diagnostic-1,patch_hog_ocsvm,40,brightness_115,1547601749f5ed937972297999b3819c3de5da096085afdc644d1e7fde66a109,ok,,0.1301240358444274,0.14960269900890077,false
diagnostic-artifacts/v0.3,v0.3.0-pcb2-development-diagnostic-1,patch_hog_ocsvm,40,gaussian_blur,1547601749f5ed937972297999b3819c3de5da096085afdc644d1e7fde66a109,ok,,0.13287206227074785,0.14960269900890077,false
diagnostic-artifacts/v0.3,v0.3.0-pcb2-development-diagnostic-1,patch_hog_ocsvm,40,translate_4_4,1547601749f5ed937972297999b3819c3de5da096085afdc644d1e7fde66a109,ok,,0.15149578034107122,0.14960269900890077,true
diagnostic-artifacts/v0.3,v0.3.0-pcb2-development-diagnostic-1,patch_hog_ocsvm,41,control,7a7301a60f0f347307026f5ce799848989a963ba1beed4d8da2a713d45ae4847,ok,,0.11238069390615525,0.14960269900890077,false
diagnostic-artifacts/v0.3,v0.3.0-pcb2-development-diagnostic-1,patch_hog_ocsvm,41,brightness_085,7a7301a60f0f347307026f5ce799848989a963ba1beed4d8da2a713d45ae4847,ok,,0.1096849958008359,0.14960269900890077,false
diagnostic-artifacts/v0.3,v0.3.0-pcb2-development-diagnostic-1,patch_hog_ocsvm,41,brightness_115,7a7301a60f0f347307026f5ce799848989a963ba1beed4d8da2a713d45ae4847,ok,,0.11829794380576376,0.14960269900890077,false
diagnostic-artifacts/v0.3,v0.3.0-pcb2-development-diagnostic-1,patch_hog_ocsvm,41,gaussian_blur,7a7301a60f0f347307026f5ce799848989a963ba1beed4d8da2a713d45ae4847,ok,,0.10819723596833947,0.14960269900890077,false
diagnostic-artifacts/v0.3,v0.3.0-pcb2-development-diagnostic-1,patch_hog_ocsvm,41,translate_4_4,7a7301a60f0f347307026f5ce799848989a963ba1beed4d8da2a713d45ae4847,ok,,0.10483719693081829,0.14960269900890077,false
diagnostic-artifacts/v0.3,v0.3.0-pcb2-development-diagnostic-1,patch_hog_ocsvm,42,control,c4f7d22c09e652fcf1c78095c9018b2303ab97bfe94aa5a1c8261beaa36af1bd,ok,,0.09529437603454483,0.14960269900890077,false
diagnostic-artifacts/v0.3,v0.3.0-pcb2-development-diagnostic-1,patch_hog_ocsvm,42,brightness_085,c4f7d22c09e652fcf1c78095c9018b2303ab97bfe94aa5a1c8261beaa36af1bd,ok,,0.09591762625991913,0.14960269900890077,false
diagnostic-artifacts/v0.3,v0.3.0-pcb2-development-diagnostic-1,patch_hog_ocsvm,42,brightness_115,c4f7d22c09e652fcf1c78095c9018b2303ab97bfe94aa5a1c8261beaa36af1bd,ok,,0.09764794113765261,0.14960269900890077,false
diagnostic-artifacts/v0.3,v0.3.0-pcb2-development-diagnostic-1,patch_hog_ocsvm,42,gaussian_blur,c4f7d22c09e652fcf1c78095c9018b2303ab97bfe94aa5a1c8261beaa36af1bd,ok,,0.09477935022017474,0.14960269900890077,false
diagnostic-artifacts/v0.3,v0.3.0-pcb2-development-diagnostic-1,patch_hog_ocsvm,42,translate_4_4,c4f7d22c09e652fcf1c78095c9018b2303ab97bfe94aa5a1c8261beaa36af1bd,ok,,0.12637470377946972,0.14960269900890077,false
diagnostic-artifacts/v0.3,v0.3.0-pcb2-development-diagnostic-1,patch_hog_ocsvm,43,control,27dc6750b60e97ba8b54162e259ef9d1f7e45ed4bf7212193a9980f7519ed93b,ok,,0.13125282580798484,0.14960269900890077,false
diagnostic-artifacts/v0.3,v0.3.0-pcb2-development-diagnostic-1,patch_hog_ocsvm,43,brightness_085,27dc6750b60e97ba8b54162e259ef9d1f7e45ed4bf7212193a9980f7519ed93b,ok,,0.1308733629929866,0.14960269900890077,false
diagnostic-artifacts/v0.3,v0.3.0-pcb2-development-diagnostic-1,patch_hog_ocsvm,43,brightness_115,27dc6750b60e97ba8b54162e259ef9d1f7e45ed4bf7212193a9980f7519ed93b,ok,,0.128881900131909,0.14960269900890077,false
diagnostic-artifacts/v0.3,v0.3.0-pcb2-development-diagnostic-1,patch_hog_ocsvm,43,gaussian_blur,27dc6750b60e97ba8b54162e259ef9d1f7e45ed4bf7212193a9980f7519ed93b,ok,,0.13397693371402616,0.14960269900890077,false
diagnostic-artifacts/v0.3,v0.3.0-pcb2-development-diagnostic-1,patch_hog_ocsvm,43,translate_4_4,27dc6750b60e97ba8b54162e259ef9d1f7e45ed4bf7212193a9980f7519ed93b,ok,,0.11373116579374597,0.14960269900890077,false
diagnostic-artifacts/v0.3,v0.3.0-pcb2-development-diagnostic-1,patch_hog_ocsvm,44,control,22dab6cfa31738421bab58e61fcb8ad9356dbb0bf5136f6f7ee5141b71f19cdd,ok,,0.11384203284472205,0.14960269900890077,false
diagnostic-artifacts/v0.3,v0.3.0-pcb2-development-diagnostic-1,patch_hog_ocsvm,44,brightness_085,22dab6cfa31738421bab58e61fcb8ad9356dbb0bf5136f6f7ee5141b71f19cdd,ok,,0.11458766569655782,0.14960269900890077,false
diagnostic-artifacts/v0.3,v0.3.0-pcb2-development-diagnostic-1,patch_hog_ocsvm,44,brightness_115,22dab6cfa31738421bab58e61fcb8ad9356dbb0bf5136f6f7ee5141b71f19cdd,ok,,0.11370075927485805,0.14960269900890077,false
diagnostic-artifacts/v0.3,v0.3.0-pcb2-development-diagnostic-1,patch_hog_ocsvm,44,gaussian_blur,22dab6cfa31738421bab58e61fcb8ad9356dbb0bf5136f6f7ee5141b71f19cdd,ok,,0.11973903055402858,0.14960269900890077,false
diagnostic-artifacts/v0.3,v0.3.0-pcb2-development-diagnostic-1,patch_hog_ocsvm,44,translate_4_4,22dab6cfa31738421bab58e61fcb8ad9356dbb0bf5136f6f7ee5141b71f19cdd,ok,,0.11949034519429726,0.14960269900890077,false
diagnostic-artifacts/v0.3,v0.3.0-pcb2-development-diagnostic-1,patch_hog_ocsvm,45,control,6f318124aad62c9983a0066adbdf31618dda3b6a8edfef64825cfdf1d81cd176,ok,,0.10669102615709193,0.14960269900890077,false
diagnostic-artifacts/v0.3,v0.3.0-pcb2-development-diagnostic-1,patch_hog_ocsvm,45,brightness_085,6f318124aad62c9983a0066adbdf31618dda3b6a8edfef64825cfdf1d81cd176,ok,,0.10753276429301672,0.14960269900890077,false
diagnostic-artifacts/v0.3,v0.3.0-pcb2-development-diagnostic-1,patch_hog_ocsvm,45,brightness_115,6f318124aad62c9983a0066adbdf31618dda3b6a8edfef64825cfdf1d81cd176,ok,,0.11385059924679253,0.14960269900890077,false
diagnostic-artifacts/v0.3,v0.3.0-pcb2-development-diagnostic-1,patch_hog_ocsvm,45,gaussian_blur,6f318124aad62c9983a0066adbdf31618dda3b6a8edfef64825cfdf1d81cd176,ok,,0.10197160714123295,0.14960269900890077,false
diagnostic-artifacts/v0.3,v0.3.0-pcb2-development-diagnostic-1,patch_hog_ocsvm,45,translate_4_4,6f318124aad62c9983a0066adbdf31618dda3b6a8edfef64825cfdf1d81cd176,ok,,0.09662066143302715,0.14960269900890077,false
diagnostic-artifacts/v0.3,v0.3.0-pcb2-development-diagnostic-1,patch_hog_ocsvm,46,control,3c921696be67bf05284352160633665895b412b3fdb1aadeaa438ff97ec41444,ok,,0.13168387893627803,0.14960269900890077,false
diagnostic-artifacts/v0.3,v0.3.0-pcb2-development-diagnostic-1,patch_hog_ocsvm,46,brightness_085,3c921696be67bf05284352160633665895b412b3fdb1aadeaa438ff97ec41444,ok,,0.13241379588977356,0.14960269900890077,false
diagnostic-artifacts/v0.3,v0.3.0-pcb2-development-diagnostic-1,patch_hog_ocsvm,46,brightness_115,3c921696be67bf05284352160633665895b412b3fdb1aadeaa438ff97ec41444,ok,,0.13373785176530348,0.14960269900890077,false
diagnostic-artifacts/v0.3,v0.3.0-pcb2-development-diagnostic-1,patch_hog_ocsvm,46,gaussian_blur,3c921696be67bf05284352160633665895b412b3fdb1aadeaa438ff97ec41444,ok,,0.1410472939918449,0.14960269900890077,false
diagnostic-artifacts/v0.3,v0.3.0-pcb2-development-diagnostic-1,patch_hog_ocsvm,46,translate_4_4,3c921696be67bf05284352160633665895b412b3fdb1aadeaa438ff97ec41444,ok,,0.13551190501849644,0.14960269900890077,false
diagnostic-artifacts/v0.3,v0.3.0-pcb2-development-diagnostic-1,patch_hog_ocsvm,47,control,db86126ed2c77cf41baad442a306541cccb12a9752e863d286911156d4f0eb2b,ok,,0.08806827844833794,0.14960269900890077,false
diagnostic-artifacts/v0.3,v0.3.0-pcb2-development-diagnostic-1,patch_hog_ocsvm,47,brightness_085,db86126ed2c77cf41baad442a306541cccb12a9752e863d286911156d4f0eb2b,ok,,0.0818258740037278,0.14960269900890077,false
diagnostic-artifacts/v0.3,v0.3.0-pcb2-development-diagnostic-1,patch_hog_ocsvm,47,brightness_115,db86126ed2c77cf41baad442a306541cccb12a9752e863d286911156d4f0eb2b,ok,,0.08894254500774319,0.14960269900890077,false
diagnostic-artifacts/v0.3,v0.3.0-pcb2-development-diagnostic-1,patch_hog_ocsvm,47,gaussian_blur,db86126ed2c77cf41baad442a306541cccb12a9752e863d286911156d4f0eb2b,ok,,0.09214638279856341,0.14960269900890077,false
diagnostic-artifacts/v0.3,v0.3.0-pcb2-development-diagnostic-1,patch_hog_ocsvm,47,translate_4_4,db86126ed2c77cf41baad442a306541cccb12a9752e863d286911156d4f0eb2b,ok,,0.10018622284989821,0.14960269900890077,false
diagnostic-artifacts/v0.3,v0.3.0-pcb2-development-diagnostic-1,patch_hog_ocsvm,48,control,db7b97138aafcd55e3c356697e921a7cc8cdc72036857f1565445e44b7b8b195,ok,,0.08269528105336943,0.14960269900890077,false
diagnostic-artifacts/v0.3,v0.3.0-pcb2-development-diagnostic-1,patch_hog_ocsvm,48,brightness_085,db7b97138aafcd55e3c356697e921a7cc8cdc72036857f1565445e44b7b8b195,ok,,0.0845069174931878,0.14960269900890077,false
diagnostic-artifacts/v0.3,v0.3.0-pcb2-development-diagnostic-1,patch_hog_ocsvm,48,brightness_115,db7b97138aafcd55e3c356697e921a7cc8cdc72036857f1565445e44b7b8b195,ok,,0.08596066146870311,0.14960269900890077,false
diagnostic-artifacts/v0.3,v0.3.0-pcb2-development-diagnostic-1,patch_hog_ocsvm,48,gaussian_blur,db7b97138aafcd55e3c356697e921a7cc8cdc72036857f1565445e44b7b8b195,ok,,0.10178623545528437,0.14960269900890077,false
diagnostic-artifacts/v0.3,v0.3.0-pcb2-development-diagnostic-1,patch_hog_ocsvm,48,translate_4_4,db7b97138aafcd55e3c356697e921a7cc8cdc72036857f1565445e44b7b8b195,ok,,0.0883011352368705,0.14960269900890077,false
diagnostic-artifacts/v0.3,v0.3.0-pcb2-development-diagnostic-1,patch_hog_ocsvm,49,control,1415ac2b6045b85f2bd10ac30201515cc9ad688cfa673b31fb5ee79f2abce9e1,ok,,0.15033786322006346,0.14960269900890077,true
diagnostic-artifacts/v0.3,v0.3.0-pcb2-development-diagnostic-1,patch_hog_ocsvm,49,brightness_085,1415ac2b6045b85f2bd10ac30201515cc9ad688cfa673b31fb5ee79f2abce9e1,ok,,0.1495363962229641,0.14960269900890077,false
diagnostic-artifacts/v0.3,v0.3.0-pcb2-development-diagnostic-1,patch_hog_ocsvm,49,brightness_115,1415ac2b6045b85f2bd10ac30201515cc9ad688cfa673b31fb5ee79f2abce9e1,ok,,0.14934588404633714,0.14960269900890077,false
diagnostic-artifacts/v0.3,v0.3.0-pcb2-development-diagnostic-1,patch_hog_ocsvm,49,gaussian_blur,1415ac2b6045b85f2bd10ac30201515cc9ad688cfa673b31fb5ee79f2abce9e1,ok,,0.15360095500903345,0.14960269900890077,true
diagnostic-artifacts/v0.3,v0.3.0-pcb2-development-diagnostic-1,patch_hog_ocsvm,49,translate_4_4,1415ac2b6045b85f2bd10ac30201515cc9ad688cfa673b31fb5ee79f2abce9e1,ok,,0.15360349957781164,0.14960269900890077,true
diagnostic-artifacts/v0.3,v0.3.0-pcb2-development-diagnostic-1,patch_hog_ocsvm,50,control,9acbb0a9ed9faa08ff52030a7abb99c4f9e3d8b29ebd9299834f5ab06404d7ef,ok,,0.10304222350546412,0.14960269900890077,false
diagnostic-artifacts/v0.3,v0.3.0-pcb2-development-diagnostic-1,patch_hog_ocsvm,50,brightness_085,9acbb0a9ed9faa08ff52030a7abb99c4f9e3d8b29ebd9299834f5ab06404d7ef,ok,,0.10185997495522225,0.14960269900890077,false
diagnostic-artifacts/v0.3,v0.3.0-pcb2-development-diagnostic-1,patch_hog_ocsvm,50,brightness_115,9acbb0a9ed9faa08ff52030a7abb99c4f9e3d8b29ebd9299834f5ab06404d7ef,ok,,0.10903214707383962,0.14960269900890077,false
diagnostic-artifacts/v0.3,v0.3.0-pcb2-development-diagnostic-1,patch_hog_ocsvm,50,gaussian_blur,9acbb0a9ed9faa08ff52030a7abb99c4f9e3d8b29ebd9299834f5ab06404d7ef,ok,,0.1065547766545581,0.14960269900890077,false
diagnostic-artifacts/v0.3,v0.3.0-pcb2-development-diagnostic-1,patch_hog_ocsvm,50,translate_4_4,9acbb0a9ed9faa08ff52030a7abb99c4f9e3d8b29ebd9299834f5ab06404d7ef,ok,,0.1222584222785259,0.14960269900890077,false
diagnostic-artifacts/v0.3,v0.3.0-pcb2-development-diagnostic-1,patch_hog_ocsvm,51,control,c45e7ae09a9c2e8ac6f0b7ca73b43294c2b9db6c74de659a297996e0f023d189,ok,,0.1412138558975876,0.14960269900890077,false
diagnostic-artifacts/v0.3,v0.3.0-pcb2-development-diagnostic-1,patch_hog_ocsvm,51,brightness_085,c45e7ae09a9c2e8ac6f0b7ca73b43294c2b9db6c74de659a297996e0f023d189,ok,,0.14373387016934355,0.14960269900890077,false
diagnostic-artifacts/v0.3,v0.3.0-pcb2-development-diagnostic-1,patch_hog_ocsvm,51,brightness_115,c45e7ae09a9c2e8ac6f0b7ca73b43294c2b9db6c74de659a297996e0f023d189,ok,,0.14157156574265087,0.14960269900890077,false
diagnostic-artifacts/v0.3,v0.3.0-pcb2-development-diagnostic-1,patch_hog_ocsvm,51,gaussian_blur,c45e7ae09a9c2e8ac6f0b7ca73b43294c2b9db6c74de659a297996e0f023d189,ok,,0.14653946552601618,0.14960269900890077,false
diagnostic-artifacts/v0.3,v0.3.0-pcb2-development-diagnostic-1,patch_hog_ocsvm,51,translate_4_4,c45e7ae09a9c2e8ac6f0b7ca73b43294c2b9db6c74de659a297996e0f023d189,ok,,0.1432604083937594,0.14960269900890077,false
diagnostic-artifacts/v0.3,v0.3.0-pcb2-development-diagnostic-1,patch_hog_ocsvm,52,control,fd8c519e378ea9f569980a6de1fa4d9f30b8e6e8187478bfb9e263ef6509205b,ok,,0.08400956796132165,0.14960269900890077,false
diagnostic-artifacts/v0.3,v0.3.0-pcb2-development-diagnostic-1,patch_hog_ocsvm,52,brightness_085,fd8c519e378ea9f569980a6de1fa4d9f30b8e6e8187478bfb9e263ef6509205b,ok,,0.07983352472769957,0.14960269900890077,false
diagnostic-artifacts/v0.3,v0.3.0-pcb2-development-diagnostic-1,patch_hog_ocsvm,52,brightness_115,fd8c519e378ea9f569980a6de1fa4d9f30b8e6e8187478bfb9e263ef6509205b,ok,,0.08484628824158236,0.14960269900890077,false
diagnostic-artifacts/v0.3,v0.3.0-pcb2-development-diagnostic-1,patch_hog_ocsvm,52,gaussian_blur,fd8c519e378ea9f569980a6de1fa4d9f30b8e6e8187478bfb9e263ef6509205b,ok,,0.09925700171644587,0.14960269900890077,false
diagnostic-artifacts/v0.3,v0.3.0-pcb2-development-diagnostic-1,patch_hog_ocsvm,52,translate_4_4,fd8c519e378ea9f569980a6de1fa4d9f30b8e6e8187478bfb9e263ef6509205b,ok,,0.09025299347412775,0.14960269900890077,false
diagnostic-artifacts/v0.3,v0.3.0-pcb2-development-diagnostic-1,patch_hog_ocsvm,53,control,5cfb0163f2df33c05ad7c5f45a742427f6547208121da6f495e256df18b2b751,ok,,0.09064820802028815,0.14960269900890077,false
diagnostic-artifacts/v0.3,v0.3.0-pcb2-development-diagnostic-1,patch_hog_ocsvm,53,brightness_085,5cfb0163f2df33c05ad7c5f45a742427f6547208121da6f495e256df18b2b751,ok,,0.0874917527111103,0.14960269900890077,false
diagnostic-artifacts/v0.3,v0.3.0-pcb2-development-diagnostic-1,patch_hog_ocsvm,53,brightness_115,5cfb0163f2df33c05ad7c5f45a742427f6547208121da6f495e256df18b2b751,ok,,0.10394424689294562,0.14960269900890077,false
diagnostic-artifacts/v0.3,v0.3.0-pcb2-development-diagnostic-1,patch_hog_ocsvm,53,gaussian_blur,5cfb0163f2df33c05ad7c5f45a742427f6547208121da6f495e256df18b2b751,ok,,0.09108859722149977,0.14960269900890077,false
diagnostic-artifacts/v0.3,v0.3.0-pcb2-development-diagnostic-1,patch_hog_ocsvm,53,translate_4_4,5cfb0163f2df33c05ad7c5f45a742427f6547208121da6f495e256df18b2b751,ok,,0.09570962776753787,0.14960269900890077,false
diagnostic-artifacts/v0.3,v0.3.0-pcb2-development-diagnostic-1,patch_hog_ocsvm,54,control,0d3bb9be86246e8ebae1d7eb9a0754751e9ee36d9f1a4c805369c1403cf580ac,ok,,0.12406940681454452,0.14960269900890077,false
diagnostic-artifacts/v0.3,v0.3.0-pcb2-development-diagnostic-1,patch_hog_ocsvm,54,brightness_085,0d3bb9be86246e8ebae1d7eb9a0754751e9ee36d9f1a4c805369c1403cf580ac,ok,,0.12344627015947783,0.14960269900890077,false
diagnostic-artifacts/v0.3,v0.3.0-pcb2-development-diagnostic-1,patch_hog_ocsvm,54,brightness_115,0d3bb9be86246e8ebae1d7eb9a0754751e9ee36d9f1a4c805369c1403cf580ac,ok,,0.12644413064709661,0.14960269900890077,false
diagnostic-artifacts/v0.3,v0.3.0-pcb2-development-diagnostic-1,patch_hog_ocsvm,54,gaussian_blur,0d3bb9be86246e8ebae1d7eb9a0754751e9ee36d9f1a4c805369c1403cf580ac,ok,,0.12971330847594978,0.14960269900890077,false
diagnostic-artifacts/v0.3,v0.3.0-pcb2-development-diagnostic-1,patch_hog_ocsvm,54,translate_4_4,0d3bb9be86246e8ebae1d7eb9a0754751e9ee36d9f1a4c805369c1403cf580ac,ok,,0.12262765695688062,0.14960269900890077,false
diagnostic-artifacts/v0.3,v0.3.0-pcb2-development-diagnostic-1,patch_hog_ocsvm,55,control,9816d5b9e53a1489f87e28915a5d7719eebad467e6b15d7c97b0f269784ed70b,ok,,0.12508470323132914,0.14960269900890077,false
diagnostic-artifacts/v0.3,v0.3.0-pcb2-development-diagnostic-1,patch_hog_ocsvm,55,brightness_085,9816d5b9e53a1489f87e28915a5d7719eebad467e6b15d7c97b0f269784ed70b,ok,,0.12592886329241057,0.14960269900890077,false
diagnostic-artifacts/v0.3,v0.3.0-pcb2-development-diagnostic-1,patch_hog_ocsvm,55,brightness_115,9816d5b9e53a1489f87e28915a5d7719eebad467e6b15d7c97b0f269784ed70b,ok,,0.1254104621434017,0.14960269900890077,false
diagnostic-artifacts/v0.3,v0.3.0-pcb2-development-diagnostic-1,patch_hog_ocsvm,55,gaussian_blur,9816d5b9e53a1489f87e28915a5d7719eebad467e6b15d7c97b0f269784ed70b,ok,,0.13410518890091874,0.14960269900890077,false
diagnostic-artifacts/v0.3,v0.3.0-pcb2-development-diagnostic-1,patch_hog_ocsvm,55,translate_4_4,9816d5b9e53a1489f87e28915a5d7719eebad467e6b15d7c97b0f269784ed70b,ok,,0.1036762031180512,0.14960269900890077,false
diagnostic-artifacts/v0.3,v0.3.0-pcb2-development-diagnostic-1,patch_hog_ocsvm,56,control,94e1ce67dbc6f3c8c4d17ac3b183bf9325436e9a21537a2db0291f8f3b582071,ok,,0.10106006956758155,0.14960269900890077,false
diagnostic-artifacts/v0.3,v0.3.0-pcb2-development-diagnostic-1,patch_hog_ocsvm,56,brightness_085,94e1ce67dbc6f3c8c4d17ac3b183bf9325436e9a21537a2db0291f8f3b582071,ok,,0.09992142301817013,0.14960269900890077,false
diagnostic-artifacts/v0.3,v0.3.0-pcb2-development-diagnostic-1,patch_hog_ocsvm,56,brightness_115,94e1ce67dbc6f3c8c4d17ac3b183bf9325436e9a21537a2db0291f8f3b582071,ok,,0.10207433839734069,0.14960269900890077,false
diagnostic-artifacts/v0.3,v0.3.0-pcb2-development-diagnostic-1,patch_hog_ocsvm,56,gaussian_blur,94e1ce67dbc6f3c8c4d17ac3b183bf9325436e9a21537a2db0291f8f3b582071,ok,,0.10091870125964825,0.14960269900890077,false
diagnostic-artifacts/v0.3,v0.3.0-pcb2-development-diagnostic-1,patch_hog_ocsvm,56,translate_4_4,94e1ce67dbc6f3c8c4d17ac3b183bf9325436e9a21537a2db0291f8f3b582071,ok,,0.10737424818418262,0.14960269900890077,false
diagnostic-artifacts/v0.3,v0.3.0-pcb2-development-diagnostic-1,patch_hog_ocsvm,57,control,c24f2e1a211a3545a88a73387d2f0968b841530afe069e79d4c93497d143074a,ok,,0.09119333784657897,0.14960269900890077,false
diagnostic-artifacts/v0.3,v0.3.0-pcb2-development-diagnostic-1,patch_hog_ocsvm,57,brightness_085,c24f2e1a211a3545a88a73387d2f0968b841530afe069e79d4c93497d143074a,ok,,0.0874815174537746,0.14960269900890077,false
diagnostic-artifacts/v0.3,v0.3.0-pcb2-development-diagnostic-1,patch_hog_ocsvm,57,brightness_115,c24f2e1a211a3545a88a73387d2f0968b841530afe069e79d4c93497d143074a,ok,,0.09570238800883733,0.14960269900890077,false
diagnostic-artifacts/v0.3,v0.3.0-pcb2-development-diagnostic-1,patch_hog_ocsvm,57,gaussian_blur,c24f2e1a211a3545a88a73387d2f0968b841530afe069e79d4c93497d143074a,ok,,0.09864230452866825,0.14960269900890077,false
diagnostic-artifacts/v0.3,v0.3.0-pcb2-development-diagnostic-1,patch_hog_ocsvm,57,translate_4_4,c24f2e1a211a3545a88a73387d2f0968b841530afe069e79d4c93497d143074a,ok,,0.09541270438883875,0.14960269900890077,false
diagnostic-artifacts/v0.3,v0.3.0-pcb2-development-diagnostic-1,patch_hog_ocsvm,58,control,f95ac4aca3a1136ec90d588ed390feb7a92cb2b10cca92a1363ce54c094a0039,ok,,0.10458293651554951,0.14960269900890077,false
diagnostic-artifacts/v0.3,v0.3.0-pcb2-development-diagnostic-1,patch_hog_ocsvm,58,brightness_085,f95ac4aca3a1136ec90d588ed390feb7a92cb2b10cca92a1363ce54c094a0039,ok,,0.10578008394678101,0.14960269900890077,false
diagnostic-artifacts/v0.3,v0.3.0-pcb2-development-diagnostic-1,patch_hog_ocsvm,58,brightness_115,f95ac4aca3a1136ec90d588ed390feb7a92cb2b10cca92a1363ce54c094a0039,ok,,0.10354591467443597,0.14960269900890077,false
diagnostic-artifacts/v0.3,v0.3.0-pcb2-development-diagnostic-1,patch_hog_ocsvm,58,gaussian_blur,f95ac4aca3a1136ec90d588ed390feb7a92cb2b10cca92a1363ce54c094a0039,ok,,0.10939064499918398,0.14960269900890077,false
diagnostic-artifacts/v0.3,v0.3.0-pcb2-development-diagnostic-1,patch_hog_ocsvm,58,translate_4_4,f95ac4aca3a1136ec90d588ed390feb7a92cb2b10cca92a1363ce54c094a0039,ok,,0.11407750645234366,0.14960269900890077,false
diagnostic-artifacts/v0.3,v0.3.0-pcb2-development-diagnostic-1,patch_hog_ocsvm,59,control,e7152e2e11bb5b68bdeaef5472d0dfba5cf4a8c19924a90a0b8a849c630223ba,ok,,0.1136700904318957,0.14960269900890077,false
diagnostic-artifacts/v0.3,v0.3.0-pcb2-development-diagnostic-1,patch_hog_ocsvm,59,brightness_085,e7152e2e11bb5b68bdeaef5472d0dfba5cf4a8c19924a90a0b8a849c630223ba,ok,,0.1122459290058966,0.14960269900890077,false
diagnostic-artifacts/v0.3,v0.3.0-pcb2-development-diagnostic-1,patch_hog_ocsvm,59,brightness_115,e7152e2e11bb5b68bdeaef5472d0dfba5cf4a8c19924a90a0b8a849c630223ba,ok,,0.11405559655031501,0.14960269900890077,false
diagnostic-artifacts/v0.3,v0.3.0-pcb2-development-diagnostic-1,patch_hog_ocsvm,59,gaussian_blur,e7152e2e11bb5b68bdeaef5472d0dfba5cf4a8c19924a90a0b8a849c630223ba,ok,,0.11303644205169233,0.14960269900890077,false
diagnostic-artifacts/v0.3,v0.3.0-pcb2-development-diagnostic-1,patch_hog_ocsvm,59,translate_4_4,e7152e2e11bb5b68bdeaef5472d0dfba5cf4a8c19924a90a0b8a849c630223ba,ok,,0.12856075278785944,0.14960269900890077,false
diagnostic-artifacts/v0.3,v0.3.0-pcb2-development-diagnostic-1,patch_hog_ocsvm,60,control,f1136656a90609580ec23b83a107446fed396b9b1e6e5e6c8ca7e28d339687b5,ok,,0.1009664542416448,0.14960269900890077,false
diagnostic-artifacts/v0.3,v0.3.0-pcb2-development-diagnostic-1,patch_hog_ocsvm,60,brightness_085,f1136656a90609580ec23b83a107446fed396b9b1e6e5e6c8ca7e28d339687b5,ok,,0.09838253285936423,0.14960269900890077,false
diagnostic-artifacts/v0.3,v0.3.0-pcb2-development-diagnostic-1,patch_hog_ocsvm,60,brightness_115,f1136656a90609580ec23b83a107446fed396b9b1e6e5e6c8ca7e28d339687b5,ok,,0.10539394847979681,0.14960269900890077,false
diagnostic-artifacts/v0.3,v0.3.0-pcb2-development-diagnostic-1,patch_hog_ocsvm,60,gaussian_blur,f1136656a90609580ec23b83a107446fed396b9b1e6e5e6c8ca7e28d339687b5,ok,,0.10847993698726414,0.14960269900890077,false
diagnostic-artifacts/v0.3,v0.3.0-pcb2-development-diagnostic-1,patch_hog_ocsvm,60,translate_4_4,f1136656a90609580ec23b83a107446fed396b9b1e6e5e6c8ca7e28d339687b5,ok,,0.0930958108706219,0.14960269900890077,false
diagnostic-artifacts/v0.3,v0.3.0-pcb2-development-diagnostic-1,dinov2_vits14_224_nn,1,control,0e5fb0ad9534b8e3fe67d68464f519d7ad8176874e63185f1136b29945314a17,ok,,0.11586737632751465,0.22208529710769653,false
diagnostic-artifacts/v0.3,v0.3.0-pcb2-development-diagnostic-1,dinov2_vits14_224_nn,1,brightness_085,0e5fb0ad9534b8e3fe67d68464f519d7ad8176874e63185f1136b29945314a17,ok,,0.11911839246749878,0.22208529710769653,false
diagnostic-artifacts/v0.3,v0.3.0-pcb2-development-diagnostic-1,dinov2_vits14_224_nn,1,brightness_115,0e5fb0ad9534b8e3fe67d68464f519d7ad8176874e63185f1136b29945314a17,ok,,0.11826267838478088,0.22208529710769653,false
diagnostic-artifacts/v0.3,v0.3.0-pcb2-development-diagnostic-1,dinov2_vits14_224_nn,1,gaussian_blur,0e5fb0ad9534b8e3fe67d68464f519d7ad8176874e63185f1136b29945314a17,ok,,0.11214256286621094,0.22208529710769653,false
diagnostic-artifacts/v0.3,v0.3.0-pcb2-development-diagnostic-1,dinov2_vits14_224_nn,1,translate_4_4,0e5fb0ad9534b8e3fe67d68464f519d7ad8176874e63185f1136b29945314a17,ok,,0.1332816183567047,0.22208529710769653,false
diagnostic-artifacts/v0.3,v0.3.0-pcb2-development-diagnostic-1,dinov2_vits14_224_nn,2,control,0241c591669dd0e80a3c84adcb5947e5a3a8402146207d90dde66d71038a43cb,ok,,0.13434547185897827,0.22208529710769653,false
diagnostic-artifacts/v0.3,v0.3.0-pcb2-development-diagnostic-1,dinov2_vits14_224_nn,2,brightness_085,0241c591669dd0e80a3c84adcb5947e5a3a8402146207d90dde66d71038a43cb,ok,,0.13525044918060303,0.22208529710769653,false
diagnostic-artifacts/v0.3,v0.3.0-pcb2-development-diagnostic-1,dinov2_vits14_224_nn,2,brightness_115,0241c591669dd0e80a3c84adcb5947e5a3a8402146207d90dde66d71038a43cb,ok,,0.13572540879249573,0.22208529710769653,false
diagnostic-artifacts/v0.3,v0.3.0-pcb2-development-diagnostic-1,dinov2_vits14_224_nn,2,gaussian_blur,0241c591669dd0e80a3c84adcb5947e5a3a8402146207d90dde66d71038a43cb,ok,,0.13282594084739685,0.22208529710769653,false
diagnostic-artifacts/v0.3,v0.3.0-pcb2-development-diagnostic-1,dinov2_vits14_224_nn,2,translate_4_4,0241c591669dd0e80a3c84adcb5947e5a3a8402146207d90dde66d71038a43cb,ok,,0.15544778108596802,0.22208529710769653,false
diagnostic-artifacts/v0.3,v0.3.0-pcb2-development-diagnostic-1,dinov2_vits14_224_nn,3,control,48797429f3fe7dd67afbda08e122a2bb303c56bbce331a62025bcb8a308216df,ok,,0.14965936541557312,0.22208529710769653,false
diagnostic-artifacts/v0.3,v0.3.0-pcb2-development-diagnostic-1,dinov2_vits14_224_nn,3,brightness_085,48797429f3fe7dd67afbda08e122a2bb303c56bbce331a62025bcb8a308216df,ok,,0.14238253235816956,0.22208529710769653,false
diagnostic-artifacts/v0.3,v0.3.0-pcb2-development-diagnostic-1,dinov2_vits14_224_nn,3,brightness_115,48797429f3fe7dd67afbda08e122a2bb303c56bbce331a62025bcb8a308216df,ok,,0.15824127197265625,0.22208529710769653,false
diagnostic-artifacts/v0.3,v0.3.0-pcb2-development-diagnostic-1,dinov2_vits14_224_nn,3,gaussian_blur,48797429f3fe7dd67afbda08e122a2bb303c56bbce331a62025bcb8a308216df,ok,,0.14382010698318481,0.22208529710769653,false
diagnostic-artifacts/v0.3,v0.3.0-pcb2-development-diagnostic-1,dinov2_vits14_224_nn,3,translate_4_4,48797429f3fe7dd67afbda08e122a2bb303c56bbce331a62025bcb8a308216df,ok,,0.15532034635543823,0.22208529710769653,false
diagnostic-artifacts/v0.3,v0.3.0-pcb2-development-diagnostic-1,dinov2_vits14_224_nn,4,control,1aa144770eb7ec74bbdfa96b77e7e3746746260c669b1c063162c76c48c7ca75,ok,,0.38475120067596436,0.22208529710769653,true
diagnostic-artifacts/v0.3,v0.3.0-pcb2-development-diagnostic-1,dinov2_vits14_224_nn,4,brightness_085,1aa144770eb7ec74bbdfa96b77e7e3746746260c669b1c063162c76c48c7ca75,ok,,0.3853190243244171,0.22208529710769653,true
diagnostic-artifacts/v0.3,v0.3.0-pcb2-development-diagnostic-1,dinov2_vits14_224_nn,4,brightness_115,1aa144770eb7ec74bbdfa96b77e7e3746746260c669b1c063162c76c48c7ca75,ok,,0.38509589433670044,0.22208529710769653,true
diagnostic-artifacts/v0.3,v0.3.0-pcb2-development-diagnostic-1,dinov2_vits14_224_nn,4,gaussian_blur,1aa144770eb7ec74bbdfa96b77e7e3746746260c669b1c063162c76c48c7ca75,ok,,0.3859824538230896,0.22208529710769653,true
diagnostic-artifacts/v0.3,v0.3.0-pcb2-development-diagnostic-1,dinov2_vits14_224_nn,4,translate_4_4,1aa144770eb7ec74bbdfa96b77e7e3746746260c669b1c063162c76c48c7ca75,ok,,0.3712073564529419,0.22208529710769653,true
diagnostic-artifacts/v0.3,v0.3.0-pcb2-development-diagnostic-1,dinov2_vits14_224_nn,5,control,d82e283d61ba710b789340298aec2abde1a0b8f40e31fc96a1a3769dcd43d83a,ok,,0.1369902789592743,0.22208529710769653,false
diagnostic-artifacts/v0.3,v0.3.0-pcb2-development-diagnostic-1,dinov2_vits14_224_nn,5,brightness_085,d82e283d61ba710b789340298aec2abde1a0b8f40e31fc96a1a3769dcd43d83a,ok,,0.13736805319786072,0.22208529710769653,false
diagnostic-artifacts/v0.3,v0.3.0-pcb2-development-diagnostic-1,dinov2_vits14_224_nn,5,brightness_115,d82e283d61ba710b789340298aec2abde1a0b8f40e31fc96a1a3769dcd43d83a,ok,,0.1377057433128357,0.22208529710769653,false
diagnostic-artifacts/v0.3,v0.3.0-pcb2-development-diagnostic-1,dinov2_vits14_224_nn,5,gaussian_blur,d82e283d61ba710b789340298aec2abde1a0b8f40e31fc96a1a3769dcd43d83a,ok,,0.13596653938293457,0.22208529710769653,false
diagnostic-artifacts/v0.3,v0.3.0-pcb2-development-diagnostic-1,dinov2_vits14_224_nn,5,translate_4_4,d82e283d61ba710b789340298aec2abde1a0b8f40e31fc96a1a3769dcd43d83a,ok,,0.14781081676483154,0.22208529710769653,false
diagnostic-artifacts/v0.3,v0.3.0-pcb2-development-diagnostic-1,dinov2_vits14_224_nn,6,control,234b4b3ce5a61afebfb4af27009924196bb2e3a9fd83e82e0a2fc47e55b661ef,ok,,0.12165778875350952,0.22208529710769653,false
diagnostic-artifacts/v0.3,v0.3.0-pcb2-development-diagnostic-1,dinov2_vits14_224_nn,6,brightness_085,234b4b3ce5a61afebfb4af27009924196bb2e3a9fd83e82e0a2fc47e55b661ef,ok,,0.12773647904396057,0.22208529710769653,false
diagnostic-artifacts/v0.3,v0.3.0-pcb2-development-diagnostic-1,dinov2_vits14_224_nn,6,brightness_115,234b4b3ce5a61afebfb4af27009924196bb2e3a9fd83e82e0a2fc47e55b661ef,ok,,0.1281929612159729,0.22208529710769653,false
diagnostic-artifacts/v0.3,v0.3.0-pcb2-development-diagnostic-1,dinov2_vits14_224_nn,6,gaussian_blur,234b4b3ce5a61afebfb4af27009924196bb2e3a9fd83e82e0a2fc47e55b661ef,ok,,0.1271173357963562,0.22208529710769653,false
diagnostic-artifacts/v0.3,v0.3.0-pcb2-development-diagnostic-1,dinov2_vits14_224_nn,6,translate_4_4,234b4b3ce5a61afebfb4af27009924196bb2e3a9fd83e82e0a2fc47e55b661ef,ok,,0.14022117853164673,0.22208529710769653,false
diagnostic-artifacts/v0.3,v0.3.0-pcb2-development-diagnostic-1,dinov2_vits14_224_nn,7,control,dbc1388f8eb1d4d942a89c1134bfe4ba03c50230ba6d0ac5ce40bcd992824c77,ok,,0.15838021039962769,0.22208529710769653,false
diagnostic-artifacts/v0.3,v0.3.0-pcb2-development-diagnostic-1,dinov2_vits14_224_nn,7,brightness_085,dbc1388f8eb1d4d942a89c1134bfe4ba03c50230ba6d0ac5ce40bcd992824c77,ok,,0.15906646847724915,0.22208529710769653,false
diagnostic-artifacts/v0.3,v0.3.0-pcb2-development-diagnostic-1,dinov2_vits14_224_nn,7,brightness_115,dbc1388f8eb1d4d942a89c1134bfe4ba03c50230ba6d0ac5ce40bcd992824c77,ok,,0.16237354278564453,0.22208529710769653,false
diagnostic-artifacts/v0.3,v0.3.0-pcb2-development-diagnostic-1,dinov2_vits14_224_nn,7,gaussian_blur,dbc1388f8eb1d4d942a89c1134bfe4ba03c50230ba6d0ac5ce40bcd992824c77,ok,,0.15774381160736084,0.22208529710769653,false
diagnostic-artifacts/v0.3,v0.3.0-pcb2-development-diagnostic-1,dinov2_vits14_224_nn,7,translate_4_4,dbc1388f8eb1d4d942a89c1134bfe4ba03c50230ba6d0ac5ce40bcd992824c77,ok,,0.1552453637123108,0.22208529710769653,false
diagnostic-artifacts/v0.3,v0.3.0-pcb2-development-diagnostic-1,dinov2_vits14_224_nn,8,control,0508af287ed21b43758d12a1b51e6d3420939c56862df7177d9b280bef86b717,ok,,0.17496639490127563,0.22208529710769653,false
diagnostic-artifacts/v0.3,v0.3.0-pcb2-development-diagnostic-1,dinov2_vits14_224_nn,8,brightness_085,0508af287ed21b43758d12a1b51e6d3420939c56862df7177d9b280bef86b717,ok,,0.17360404133796692,0.22208529710769653,false
diagnostic-artifacts/v0.3,v0.3.0-pcb2-development-diagnostic-1,dinov2_vits14_224_nn,8,brightness_115,0508af287ed21b43758d12a1b51e6d3420939c56862df7177d9b280bef86b717,ok,,0.1665571630001068,0.22208529710769653,false
diagnostic-artifacts/v0.3,v0.3.0-pcb2-development-diagnostic-1,dinov2_vits14_224_nn,8,gaussian_blur,0508af287ed21b43758d12a1b51e6d3420939c56862df7177d9b280bef86b717,ok,,0.17920243740081787,0.22208529710769653,false
diagnostic-artifacts/v0.3,v0.3.0-pcb2-development-diagnostic-1,dinov2_vits14_224_nn,8,translate_4_4,0508af287ed21b43758d12a1b51e6d3420939c56862df7177d9b280bef86b717,ok,,0.17595168948173523,0.22208529710769653,false
diagnostic-artifacts/v0.3,v0.3.0-pcb2-development-diagnostic-1,dinov2_vits14_224_nn,9,control,9cb224e5ee71d0f8d279e3b0093b034c3510a85ad2170d1a16690e2ab1bd3856,ok,,0.17778635025024414,0.22208529710769653,false
diagnostic-artifacts/v0.3,v0.3.0-pcb2-development-diagnostic-1,dinov2_vits14_224_nn,9,brightness_085,9cb224e5ee71d0f8d279e3b0093b034c3510a85ad2170d1a16690e2ab1bd3856,ok,,0.18542087078094482,0.22208529710769653,false
diagnostic-artifacts/v0.3,v0.3.0-pcb2-development-diagnostic-1,dinov2_vits14_224_nn,9,brightness_115,9cb224e5ee71d0f8d279e3b0093b034c3510a85ad2170d1a16690e2ab1bd3856,ok,,0.17191264033317566,0.22208529710769653,false
diagnostic-artifacts/v0.3,v0.3.0-pcb2-development-diagnostic-1,dinov2_vits14_224_nn,9,gaussian_blur,9cb224e5ee71d0f8d279e3b0093b034c3510a85ad2170d1a16690e2ab1bd3856,ok,,0.17611488699913025,0.22208529710769653,false
diagnostic-artifacts/v0.3,v0.3.0-pcb2-development-diagnostic-1,dinov2_vits14_224_nn,9,translate_4_4,9cb224e5ee71d0f8d279e3b0093b034c3510a85ad2170d1a16690e2ab1bd3856,ok,,0.187949538230896,0.22208529710769653,false
diagnostic-artifacts/v0.3,v0.3.0-pcb2-development-diagnostic-1,dinov2_vits14_224_nn,10,control,9f044a40b5b02c2d5be033cc8195a9ac71e5713845bc8d50cb8f235fd6073715,ok,,0.1047089695930481,0.22208529710769653,false
diagnostic-artifacts/v0.3,v0.3.0-pcb2-development-diagnostic-1,dinov2_vits14_224_nn,10,brightness_085,9f044a40b5b02c2d5be033cc8195a9ac71e5713845bc8d50cb8f235fd6073715,ok,,0.10425671935081482,0.22208529710769653,false
diagnostic-artifacts/v0.3,v0.3.0-pcb2-development-diagnostic-1,dinov2_vits14_224_nn,10,brightness_115,9f044a40b5b02c2d5be033cc8195a9ac71e5713845bc8d50cb8f235fd6073715,ok,,0.11407601833343506,0.22208529710769653,false
diagnostic-artifacts/v0.3,v0.3.0-pcb2-development-diagnostic-1,dinov2_vits14_224_nn,10,gaussian_blur,9f044a40b5b02c2d5be033cc8195a9ac71e5713845bc8d50cb8f235fd6073715,ok,,0.106015145778656,0.22208529710769653,false
diagnostic-artifacts/v0.3,v0.3.0-pcb2-development-diagnostic-1,dinov2_vits14_224_nn,10,translate_4_4,9f044a40b5b02c2d5be033cc8195a9ac71e5713845bc8d50cb8f235fd6073715,ok,,0.13956791162490845,0.22208529710769653,false
diagnostic-artifacts/v0.3,v0.3.0-pcb2-development-diagnostic-1,dinov2_vits14_224_nn,11,control,51bceab335dabd86991b80ab3c55ec68bece078f2f764025234b9939502930dc,ok,,0.21005862951278687,0.22208529710769653,false
diagnostic-artifacts/v0.3,v0.3.0-pcb2-development-diagnostic-1,dinov2_vits14_224_nn,11,brightness_085,51bceab335dabd86991b80ab3c55ec68bece078f2f764025234b9939502930dc,ok,,0.20760953426361084,0.22208529710769653,false
diagnostic-artifacts/v0.3,v0.3.0-pcb2-development-diagnostic-1,dinov2_vits14_224_nn,11,brightness_115,51bceab335dabd86991b80ab3c55ec68bece078f2f764025234b9939502930dc,ok,,0.21336814761161804,0.22208529710769653,false
diagnostic-artifacts/v0.3,v0.3.0-pcb2-development-diagnostic-1,dinov2_vits14_224_nn,11,gaussian_blur,51bceab335dabd86991b80ab3c55ec68bece078f2f764025234b9939502930dc,ok,,0.2103562355041504,0.22208529710769653,false
diagnostic-artifacts/v0.3,v0.3.0-pcb2-development-diagnostic-1,dinov2_vits14_224_nn,11,translate_4_4,51bceab335dabd86991b80ab3c55ec68bece078f2f764025234b9939502930dc,ok,,0.2058907151222229,0.22208529710769653,false
diagnostic-artifacts/v0.3,v0.3.0-pcb2-development-diagnostic-1,dinov2_vits14_224_nn,12,control,10867ebf21b0c07e0bc1c918105fc3cc652f47263284314411316af483476d2f,ok,,0.13325929641723633,0.22208529710769653,false
diagnostic-artifacts/v0.3,v0.3.0-pcb2-development-diagnostic-1,dinov2_vits14_224_nn,12,brightness_085,10867ebf21b0c07e0bc1c918105fc3cc652f47263284314411316af483476d2f,ok,,0.1368904709815979,0.22208529710769653,false
diagnostic-artifacts/v0.3,v0.3.0-pcb2-development-diagnostic-1,dinov2_vits14_224_nn,12,brightness_115,10867ebf21b0c07e0bc1c918105fc3cc652f47263284314411316af483476d2f,ok,,0.12326273322105408,0.22208529710769653,false
diagnostic-artifacts/v0.3,v0.3.0-pcb2-development-diagnostic-1,dinov2_vits14_224_nn,12,gaussian_blur,10867ebf21b0c07e0bc1c918105fc3cc652f47263284314411316af483476d2f,ok,,0.13846692442893982,0.22208529710769653,false
diagnostic-artifacts/v0.3,v0.3.0-pcb2-development-diagnostic-1,dinov2_vits14_224_nn,12,translate_4_4,10867ebf21b0c07e0bc1c918105fc3cc652f47263284314411316af483476d2f,ok,,0.13800615072250366,0.22208529710769653,false
diagnostic-artifacts/v0.3,v0.3.0-pcb2-development-diagnostic-1,dinov2_vits14_224_nn,13,control,33437c2ed443484cc342e125c3f5cc102bc611af86ea6829a3f727171f47c340,ok,,0.11542481184005737,0.22208529710769653,false
diagnostic-artifacts/v0.3,v0.3.0-pcb2-development-diagnostic-1,dinov2_vits14_224_nn,13,brightness_085,33437c2ed443484cc342e125c3f5cc102bc611af86ea6829a3f727171f47c340,ok,,0.12326908111572266,0.22208529710769653,false
diagnostic-artifacts/v0.3,v0.3.0-pcb2-development-diagnostic-1,dinov2_vits14_224_nn,13,brightness_115,33437c2ed443484cc342e125c3f5cc102bc611af86ea6829a3f727171f47c340,ok,,0.10979539155960083,0.22208529710769653,false
diagnostic-artifacts/v0.3,v0.3.0-pcb2-development-diagnostic-1,dinov2_vits14_224_nn,13,gaussian_blur,33437c2ed443484cc342e125c3f5cc102bc611af86ea6829a3f727171f47c340,ok,,0.11704650521278381,0.22208529710769653,false
diagnostic-artifacts/v0.3,v0.3.0-pcb2-development-diagnostic-1,dinov2_vits14_224_nn,13,translate_4_4,33437c2ed443484cc342e125c3f5cc102bc611af86ea6829a3f727171f47c340,ok,,0.11229264736175537,0.22208529710769653,false
diagnostic-artifacts/v0.3,v0.3.0-pcb2-development-diagnostic-1,dinov2_vits14_224_nn,14,control,0e10c8f2ad1ed73dea7d3b525d06e3da2ab7d211842ce0139621bad37ab8f8c1,ok,,0.09046369791030884,0.22208529710769653,false
diagnostic-artifacts/v0.3,v0.3.0-pcb2-development-diagnostic-1,dinov2_vits14_224_nn,14,brightness_085,0e10c8f2ad1ed73dea7d3b525d06e3da2ab7d211842ce0139621bad37ab8f8c1,ok,,0.09355127811431885,0.22208529710769653,false
diagnostic-artifacts/v0.3,v0.3.0-pcb2-development-diagnostic-1,dinov2_vits14_224_nn,14,brightness_115,0e10c8f2ad1ed73dea7d3b525d06e3da2ab7d211842ce0139621bad37ab8f8c1,ok,,0.08749070763587952,0.22208529710769653,false
diagnostic-artifacts/v0.3,v0.3.0-pcb2-development-diagnostic-1,dinov2_vits14_224_nn,14,gaussian_blur,0e10c8f2ad1ed73dea7d3b525d06e3da2ab7d211842ce0139621bad37ab8f8c1,ok,,0.0938396155834198,0.22208529710769653,false
diagnostic-artifacts/v0.3,v0.3.0-pcb2-development-diagnostic-1,dinov2_vits14_224_nn,14,translate_4_4,0e10c8f2ad1ed73dea7d3b525d06e3da2ab7d211842ce0139621bad37ab8f8c1,ok,,0.08863946795463562,0.22208529710769653,false
diagnostic-artifacts/v0.3,v0.3.0-pcb2-development-diagnostic-1,dinov2_vits14_224_nn,15,control,90d33ee2e9a799a84e4a055819667515caaf91ff173225fd92683f9df6d18286,ok,,0.1920129358768463,0.22208529710769653,false
diagnostic-artifacts/v0.3,v0.3.0-pcb2-development-diagnostic-1,dinov2_vits14_224_nn,15,brightness_085,90d33ee2e9a799a84e4a055819667515caaf91ff173225fd92683f9df6d18286,ok,,0.185347318649292,0.22208529710769653,false
diagnostic-artifacts/v0.3,v0.3.0-pcb2-development-diagnostic-1,dinov2_vits14_224_nn,15,brightness_115,90d33ee2e9a799a84e4a055819667515caaf91ff173225fd92683f9df6d18286,ok,,0.19635403156280518,0.22208529710769653,false
diagnostic-artifacts/v0.3,v0.3.0-pcb2-development-diagnostic-1,dinov2_vits14_224_nn,15,gaussian_blur,90d33ee2e9a799a84e4a055819667515caaf91ff173225fd92683f9df6d18286,ok,,0.1920764446258545,0.22208529710769653,false
diagnostic-artifacts/v0.3,v0.3.0-pcb2-development-diagnostic-1,dinov2_vits14_224_nn,15,translate_4_4,90d33ee2e9a799a84e4a055819667515caaf91ff173225fd92683f9df6d18286,ok,,0.17670375108718872,0.22208529710769653,false
diagnostic-artifacts/v0.3,v0.3.0-pcb2-development-diagnostic-1,dinov2_vits14_224_nn,16,control,530cb31c98e7dc29e2d618490aee87b14dda1af7dc5601ce164404ef30fc5dca,ok,,0.13124781847000122,0.22208529710769653,false
diagnostic-artifacts/v0.3,v0.3.0-pcb2-development-diagnostic-1,dinov2_vits14_224_nn,16,brightness_085,530cb31c98e7dc29e2d618490aee87b14dda1af7dc5601ce164404ef30fc5dca,ok,,0.12685689330101013,0.22208529710769653,false
diagnostic-artifacts/v0.3,v0.3.0-pcb2-development-diagnostic-1,dinov2_vits14_224_nn,16,brightness_115,530cb31c98e7dc29e2d618490aee87b14dda1af7dc5601ce164404ef30fc5dca,ok,,0.13579532504081726,0.22208529710769653,false
diagnostic-artifacts/v0.3,v0.3.0-pcb2-development-diagnostic-1,dinov2_vits14_224_nn,16,gaussian_blur,530cb31c98e7dc29e2d618490aee87b14dda1af7dc5601ce164404ef30fc5dca,ok,,0.13227248191833496,0.22208529710769653,false
diagnostic-artifacts/v0.3,v0.3.0-pcb2-development-diagnostic-1,dinov2_vits14_224_nn,16,translate_4_4,530cb31c98e7dc29e2d618490aee87b14dda1af7dc5601ce164404ef30fc5dca,ok,,0.131776362657547,0.22208529710769653,false
diagnostic-artifacts/v0.3,v0.3.0-pcb2-development-diagnostic-1,dinov2_vits14_224_nn,17,control,edbc77f387e7f63ede927fb3f20d3e4d1ed6edc526a504421adcee3eadf66230,ok,,0.155109703540802,0.22208529710769653,false
diagnostic-artifacts/v0.3,v0.3.0-pcb2-development-diagnostic-1,dinov2_vits14_224_nn,17,brightness_085,edbc77f387e7f63ede927fb3f20d3e4d1ed6edc526a504421adcee3eadf66230,ok,,0.1478566825389862,0.22208529710769653,false
diagnostic-artifacts/v0.3,v0.3.0-pcb2-development-diagnostic-1,dinov2_vits14_224_nn,17,brightness_115,edbc77f387e7f63ede927fb3f20d3e4d1ed6edc526a504421adcee3eadf66230,ok,,0.15483829379081726,0.22208529710769653,false
diagnostic-artifacts/v0.3,v0.3.0-pcb2-development-diagnostic-1,dinov2_vits14_224_nn,17,gaussian_blur,edbc77f387e7f63ede927fb3f20d3e4d1ed6edc526a504421adcee3eadf66230,ok,,0.15433922410011292,0.22208529710769653,false
diagnostic-artifacts/v0.3,v0.3.0-pcb2-development-diagnostic-1,dinov2_vits14_224_nn,17,translate_4_4,edbc77f387e7f63ede927fb3f20d3e4d1ed6edc526a504421adcee3eadf66230,ok,,0.11092808842658997,0.22208529710769653,false
diagnostic-artifacts/v0.3,v0.3.0-pcb2-development-diagnostic-1,dinov2_vits14_224_nn,18,control,7231550d85c2703c13b184fc1ba28ff91a295901dcfee27e35dafd2d90ee5e75,ok,,0.21542465686798096,0.22208529710769653,false
diagnostic-artifacts/v0.3,v0.3.0-pcb2-development-diagnostic-1,dinov2_vits14_224_nn,18,brightness_085,7231550d85c2703c13b184fc1ba28ff91a295901dcfee27e35dafd2d90ee5e75,ok,,0.2140948474407196,0.22208529710769653,false
diagnostic-artifacts/v0.3,v0.3.0-pcb2-development-diagnostic-1,dinov2_vits14_224_nn,18,brightness_115,7231550d85c2703c13b184fc1ba28ff91a295901dcfee27e35dafd2d90ee5e75,ok,,0.2251197099685669,0.22208529710769653,true
diagnostic-artifacts/v0.3,v0.3.0-pcb2-development-diagnostic-1,dinov2_vits14_224_nn,18,gaussian_blur,7231550d85c2703c13b184fc1ba28ff91a295901dcfee27e35dafd2d90ee5e75,ok,,0.2152094841003418,0.22208529710769653,false
diagnostic-artifacts/v0.3,v0.3.0-pcb2-development-diagnostic-1,dinov2_vits14_224_nn,18,translate_4_4,7231550d85c2703c13b184fc1ba28ff91a295901dcfee27e35dafd2d90ee5e75,ok,,0.20737618207931519,0.22208529710769653,false
diagnostic-artifacts/v0.3,v0.3.0-pcb2-development-diagnostic-1,dinov2_vits14_224_nn,19,control,56251c6d33c8ef7e17630e558a6d81e832ea23c03b89a5adb482e01941918760,ok,,0.12652260065078735,0.22208529710769653,false
diagnostic-artifacts/v0.3,v0.3.0-pcb2-development-diagnostic-1,dinov2_vits14_224_nn,19,brightness_085,56251c6d33c8ef7e17630e558a6d81e832ea23c03b89a5adb482e01941918760,ok,,0.13322365283966064,0.22208529710769653,false
diagnostic-artifacts/v0.3,v0.3.0-pcb2-development-diagnostic-1,dinov2_vits14_224_nn,19,brightness_115,56251c6d33c8ef7e17630e558a6d81e832ea23c03b89a5adb482e01941918760,ok,,0.11979198455810547,0.22208529710769653,false
diagnostic-artifacts/v0.3,v0.3.0-pcb2-development-diagnostic-1,dinov2_vits14_224_nn,19,gaussian_blur,56251c6d33c8ef7e17630e558a6d81e832ea23c03b89a5adb482e01941918760,ok,,0.13209569454193115,0.22208529710769653,false
diagnostic-artifacts/v0.3,v0.3.0-pcb2-development-diagnostic-1,dinov2_vits14_224_nn,19,translate_4_4,56251c6d33c8ef7e17630e558a6d81e832ea23c03b89a5adb482e01941918760,ok,,0.10289454460144043,0.22208529710769653,false
diagnostic-artifacts/v0.3,v0.3.0-pcb2-development-diagnostic-1,dinov2_vits14_224_nn,20,control,f1a59a2162457195e94f1c233c4615652761a985337efceca2e5b3e9b085a218,ok,,0.16881144046783447,0.22208529710769653,false
diagnostic-artifacts/v0.3,v0.3.0-pcb2-development-diagnostic-1,dinov2_vits14_224_nn,20,brightness_085,f1a59a2162457195e94f1c233c4615652761a985337efceca2e5b3e9b085a218,ok,,0.17006492614746094,0.22208529710769653,false
diagnostic-artifacts/v0.3,v0.3.0-pcb2-development-diagnostic-1,dinov2_vits14_224_nn,20,brightness_115,f1a59a2162457195e94f1c233c4615652761a985337efceca2e5b3e9b085a218,ok,,0.17018836736679077,0.22208529710769653,false
diagnostic-artifacts/v0.3,v0.3.0-pcb2-development-diagnostic-1,dinov2_vits14_224_nn,20,gaussian_blur,f1a59a2162457195e94f1c233c4615652761a985337efceca2e5b3e9b085a218,ok,,0.16490402817726135,0.22208529710769653,false
diagnostic-artifacts/v0.3,v0.3.0-pcb2-development-diagnostic-1,dinov2_vits14_224_nn,20,translate_4_4,f1a59a2162457195e94f1c233c4615652761a985337efceca2e5b3e9b085a218,ok,,0.13656222820281982,0.22208529710769653,false
diagnostic-artifacts/v0.3,v0.3.0-pcb2-development-diagnostic-1,dinov2_vits14_224_nn,21,control,7278d4bee7ef009c379b99b6595e65309bddd86ba2ed4164396e0d74ca7fccab,ok,,0.15940943360328674,0.22208529710769653,false
diagnostic-artifacts/v0.3,v0.3.0-pcb2-development-diagnostic-1,dinov2_vits14_224_nn,21,brightness_085,7278d4bee7ef009c379b99b6595e65309bddd86ba2ed4164396e0d74ca7fccab,ok,,0.18347573280334473,0.22208529710769653,false
diagnostic-artifacts/v0.3,v0.3.0-pcb2-development-diagnostic-1,dinov2_vits14_224_nn,21,brightness_115,7278d4bee7ef009c379b99b6595e65309bddd86ba2ed4164396e0d74ca7fccab,ok,,0.1794838309288025,0.22208529710769653,false
diagnostic-artifacts/v0.3,v0.3.0-pcb2-development-diagnostic-1,dinov2_vits14_224_nn,21,gaussian_blur,7278d4bee7ef009c379b99b6595e65309bddd86ba2ed4164396e0d74ca7fccab,ok,,0.16588354110717773,0.22208529710769653,false
diagnostic-artifacts/v0.3,v0.3.0-pcb2-development-diagnostic-1,dinov2_vits14_224_nn,21,translate_4_4,7278d4bee7ef009c379b99b6595e65309bddd86ba2ed4164396e0d74ca7fccab,ok,,0.16397300362586975,0.22208529710769653,false
diagnostic-artifacts/v0.3,v0.3.0-pcb2-development-diagnostic-1,dinov2_vits14_224_nn,22,control,69dbc73f3e5527eedb44c4c9a77be92fa13a87f5a29c657cda8ae20f490ae900,ok,,0.16472992300987244,0.22208529710769653,false
diagnostic-artifacts/v0.3,v0.3.0-pcb2-development-diagnostic-1,dinov2_vits14_224_nn,22,brightness_085,69dbc73f3e5527eedb44c4c9a77be92fa13a87f5a29c657cda8ae20f490ae900,ok,,0.159183531999588,0.22208529710769653,false
diagnostic-artifacts/v0.3,v0.3.0-pcb2-development-diagnostic-1,dinov2_vits14_224_nn,22,brightness_115,69dbc73f3e5527eedb44c4c9a77be92fa13a87f5a29c657cda8ae20f490ae900,ok,,0.17614209651947021,0.22208529710769653,false
diagnostic-artifacts/v0.3,v0.3.0-pcb2-development-diagnostic-1,dinov2_vits14_224_nn,22,gaussian_blur,69dbc73f3e5527eedb44c4c9a77be92fa13a87f5a29c657cda8ae20f490ae900,ok,,0.16711658239364624,0.22208529710769653,false
diagnostic-artifacts/v0.3,v0.3.0-pcb2-development-diagnostic-1,dinov2_vits14_224_nn,22,translate_4_4,69dbc73f3e5527eedb44c4c9a77be92fa13a87f5a29c657cda8ae20f490ae900,ok,,0.14244681596755981,0.22208529710769653,false
diagnostic-artifacts/v0.3,v0.3.0-pcb2-development-diagnostic-1,dinov2_vits14_224_nn,23,control,4c4ab1c59d3a0d9a4973c1ffe1635744f442897f51a75e2cfbc33817f07f0fb2,ok,,0.1563560664653778,0.22208529710769653,false
diagnostic-artifacts/v0.3,v0.3.0-pcb2-development-diagnostic-1,dinov2_vits14_224_nn,23,brightness_085,4c4ab1c59d3a0d9a4973c1ffe1635744f442897f51a75e2cfbc33817f07f0fb2,ok,,0.16236764192581177,0.22208529710769653,false
diagnostic-artifacts/v0.3,v0.3.0-pcb2-development-diagnostic-1,dinov2_vits14_224_nn,23,brightness_115,4c4ab1c59d3a0d9a4973c1ffe1635744f442897f51a75e2cfbc33817f07f0fb2,ok,,0.14860010147094727,0.22208529710769653,false
diagnostic-artifacts/v0.3,v0.3.0-pcb2-development-diagnostic-1,dinov2_vits14_224_nn,23,gaussian_blur,4c4ab1c59d3a0d9a4973c1ffe1635744f442897f51a75e2cfbc33817f07f0fb2,ok,,0.16892790794372559,0.22208529710769653,false
diagnostic-artifacts/v0.3,v0.3.0-pcb2-development-diagnostic-1,dinov2_vits14_224_nn,23,translate_4_4,4c4ab1c59d3a0d9a4973c1ffe1635744f442897f51a75e2cfbc33817f07f0fb2,ok,,0.10121315717697144,0.22208529710769653,false
diagnostic-artifacts/v0.3,v0.3.0-pcb2-development-diagnostic-1,dinov2_vits14_224_nn,24,control,6a70733df55b6c16f867cb483a25933620345344d6e8d5a702cb4dae5b7c7535,ok,,0.12251108884811401,0.22208529710769653,false
diagnostic-artifacts/v0.3,v0.3.0-pcb2-development-diagnostic-1,dinov2_vits14_224_nn,24,brightness_085,6a70733df55b6c16f867cb483a25933620345344d6e8d5a702cb4dae5b7c7535,ok,,0.12037956714630127,0.22208529710769653,false
diagnostic-artifacts/v0.3,v0.3.0-pcb2-development-diagnostic-1,dinov2_vits14_224_nn,24,brightness_115,6a70733df55b6c16f867cb483a25933620345344d6e8d5a702cb4dae5b7c7535,ok,,0.12546288967132568,0.22208529710769653,false
diagnostic-artifacts/v0.3,v0.3.0-pcb2-development-diagnostic-1,dinov2_vits14_224_nn,24,gaussian_blur,6a70733df55b6c16f867cb483a25933620345344d6e8d5a702cb4dae5b7c7535,ok,,0.12264886498451233,0.22208529710769653,false
diagnostic-artifacts/v0.3,v0.3.0-pcb2-development-diagnostic-1,dinov2_vits14_224_nn,24,translate_4_4,6a70733df55b6c16f867cb483a25933620345344d6e8d5a702cb4dae5b7c7535,ok,,0.17010623216629028,0.22208529710769653,false
diagnostic-artifacts/v0.3,v0.3.0-pcb2-development-diagnostic-1,dinov2_vits14_224_nn,25,control,a32707a4b34e94e8ceeac58cd31e22f54ff8e9968b3a7ff4a190ca9100d1f233,ok,,0.11953061819076538,0.22208529710769653,false
diagnostic-artifacts/v0.3,v0.3.0-pcb2-development-diagnostic-1,dinov2_vits14_224_nn,25,brightness_085,a32707a4b34e94e8ceeac58cd31e22f54ff8e9968b3a7ff4a190ca9100d1f233,ok,,0.11877825856208801,0.22208529710769653,false
diagnostic-artifacts/v0.3,v0.3.0-pcb2-development-diagnostic-1,dinov2_vits14_224_nn,25,brightness_115,a32707a4b34e94e8ceeac58cd31e22f54ff8e9968b3a7ff4a190ca9100d1f233,ok,,0.12331032752990723,0.22208529710769653,false
diagnostic-artifacts/v0.3,v0.3.0-pcb2-development-diagnostic-1,dinov2_vits14_224_nn,25,gaussian_blur,a32707a4b34e94e8ceeac58cd31e22f54ff8e9968b3a7ff4a190ca9100d1f233,ok,,0.12029850482940674,0.22208529710769653,false
diagnostic-artifacts/v0.3,v0.3.0-pcb2-development-diagnostic-1,dinov2_vits14_224_nn,25,translate_4_4,a32707a4b34e94e8ceeac58cd31e22f54ff8e9968b3a7ff4a190ca9100d1f233,ok,,0.12065765261650085,0.22208529710769653,false
diagnostic-artifacts/v0.3,v0.3.0-pcb2-development-diagnostic-1,dinov2_vits14_224_nn,26,control,9fc1e7ff65aa1c91c98455a595b151b33bba809686a5068f7f984d2546bc1b39,ok,,0.13796597719192505,0.22208529710769653,false
diagnostic-artifacts/v0.3,v0.3.0-pcb2-development-diagnostic-1,dinov2_vits14_224_nn,26,brightness_085,9fc1e7ff65aa1c91c98455a595b151b33bba809686a5068f7f984d2546bc1b39,ok,,0.1413291096687317,0.22208529710769653,false
diagnostic-artifacts/v0.3,v0.3.0-pcb2-development-diagnostic-1,dinov2_vits14_224_nn,26,brightness_115,9fc1e7ff65aa1c91c98455a595b151b33bba809686a5068f7f984d2546bc1b39,ok,,0.1556372344493866,0.22208529710769653,false
diagnostic-artifacts/v0.3,v0.3.0-pcb2-development-diagnostic-1,dinov2_vits14_224_nn,26,gaussian_blur,9fc1e7ff65aa1c91c98455a595b151b33bba809686a5068f7f984d2546bc1b39,ok,,0.13545605540275574,0.22208529710769653,false
diagnostic-artifacts/v0.3,v0.3.0-pcb2-development-diagnostic-1,dinov2_vits14_224_nn,26,translate_4_4,9fc1e7ff65aa1c91c98455a595b151b33bba809686a5068f7f984d2546bc1b39,ok,,0.12546882033348083,0.22208529710769653,false
diagnostic-artifacts/v0.3,v0.3.0-pcb2-development-diagnostic-1,dinov2_vits14_224_nn,27,control,a93d14fe26aaeb8adc33d8b4847b8dbac8bc18f40ab31dc530e3f77f7f9c39d5,ok,,0.1510450839996338,0.22208529710769653,false
diagnostic-artifacts/v0.3,v0.3.0-pcb2-development-diagnostic-1,dinov2_vits14_224_nn,27,brightness_085,a93d14fe26aaeb8adc33d8b4847b8dbac8bc18f40ab31dc530e3f77f7f9c39d5,ok,,0.1456950306892395,0.22208529710769653,false
diagnostic-artifacts/v0.3,v0.3.0-pcb2-development-diagnostic-1,dinov2_vits14_224_nn,27,brightness_115,a93d14fe26aaeb8adc33d8b4847b8dbac8bc18f40ab31dc530e3f77f7f9c39d5,ok,,0.16421914100646973,0.22208529710769653,false
diagnostic-artifacts/v0.3,v0.3.0-pcb2-development-diagnostic-1,dinov2_vits14_224_nn,27,gaussian_blur,a93d14fe26aaeb8adc33d8b4847b8dbac8bc18f40ab31dc530e3f77f7f9c39d5,ok,,0.1491014063358307,0.22208529710769653,false
diagnostic-artifacts/v0.3,v0.3.0-pcb2-development-diagnostic-1,dinov2_vits14_224_nn,27,translate_4_4,a93d14fe26aaeb8adc33d8b4847b8dbac8bc18f40ab31dc530e3f77f7f9c39d5,ok,,0.14994937181472778,0.22208529710769653,false
diagnostic-artifacts/v0.3,v0.3.0-pcb2-development-diagnostic-1,dinov2_vits14_224_nn,28,control,b06b6cecacef6a43990bbeaaed6260627478b2b441b2effc4b7762449f6b5b6c,ok,,0.10845541954040527,0.22208529710769653,false
diagnostic-artifacts/v0.3,v0.3.0-pcb2-development-diagnostic-1,dinov2_vits14_224_nn,28,brightness_085,b06b6cecacef6a43990bbeaaed6260627478b2b441b2effc4b7762449f6b5b6c,ok,,0.10581043362617493,0.22208529710769653,false
diagnostic-artifacts/v0.3,v0.3.0-pcb2-development-diagnostic-1,dinov2_vits14_224_nn,28,brightness_115,b06b6cecacef6a43990bbeaaed6260627478b2b441b2effc4b7762449f6b5b6c,ok,,0.11034563183784485,0.22208529710769653,false
diagnostic-artifacts/v0.3,v0.3.0-pcb2-development-diagnostic-1,dinov2_vits14_224_nn,28,gaussian_blur,b06b6cecacef6a43990bbeaaed6260627478b2b441b2effc4b7762449f6b5b6c,ok,,0.11093121767044067,0.22208529710769653,false
diagnostic-artifacts/v0.3,v0.3.0-pcb2-development-diagnostic-1,dinov2_vits14_224_nn,28,translate_4_4,b06b6cecacef6a43990bbeaaed6260627478b2b441b2effc4b7762449f6b5b6c,ok,,0.09453076124191284,0.22208529710769653,false
diagnostic-artifacts/v0.3,v0.3.0-pcb2-development-diagnostic-1,dinov2_vits14_224_nn,29,control,4171071a00e9a2bfd297863b8de22844f57a84ac4272ce5da02c40b9f9bff1eb,ok,,0.1462113857269287,0.22208529710769653,false
diagnostic-artifacts/v0.3,v0.3.0-pcb2-development-diagnostic-1,dinov2_vits14_224_nn,29,brightness_085,4171071a00e9a2bfd297863b8de22844f57a84ac4272ce5da02c40b9f9bff1eb,ok,,0.14747488498687744,0.22208529710769653,false
diagnostic-artifacts/v0.3,v0.3.0-pcb2-development-diagnostic-1,dinov2_vits14_224_nn,29,brightness_115,4171071a00e9a2bfd297863b8de22844f57a84ac4272ce5da02c40b9f9bff1eb,ok,,0.1413305699825287,0.22208529710769653,false
diagnostic-artifacts/v0.3,v0.3.0-pcb2-development-diagnostic-1,dinov2_vits14_224_nn,29,gaussian_blur,4171071a00e9a2bfd297863b8de22844f57a84ac4272ce5da02c40b9f9bff1eb,ok,,0.14849328994750977,0.22208529710769653,false
diagnostic-artifacts/v0.3,v0.3.0-pcb2-development-diagnostic-1,dinov2_vits14_224_nn,29,translate_4_4,4171071a00e9a2bfd297863b8de22844f57a84ac4272ce5da02c40b9f9bff1eb,ok,,0.1071227490901947,0.22208529710769653,false
diagnostic-artifacts/v0.3,v0.3.0-pcb2-development-diagnostic-1,dinov2_vits14_224_nn,30,control,07d251c71f8a944a608751cd7b1c22d642d8a09915bd15d4ad1e731ee6f7e790,ok,,0.1286241114139557,0.22208529710769653,false
diagnostic-artifacts/v0.3,v0.3.0-pcb2-development-diagnostic-1,dinov2_vits14_224_nn,30,brightness_085,07d251c71f8a944a608751cd7b1c22d642d8a09915bd15d4ad1e731ee6f7e790,ok,,0.1287187933921814,0.22208529710769653,false
diagnostic-artifacts/v0.3,v0.3.0-pcb2-development-diagnostic-1,dinov2_vits14_224_nn,30,brightness_115,07d251c71f8a944a608751cd7b1c22d642d8a09915bd15d4ad1e731ee6f7e790,ok,,0.13791775703430176,0.22208529710769653,false
diagnostic-artifacts/v0.3,v0.3.0-pcb2-development-diagnostic-1,dinov2_vits14_224_nn,30,gaussian_blur,07d251c71f8a944a608751cd7b1c22d642d8a09915bd15d4ad1e731ee6f7e790,ok,,0.1280415952205658,0.22208529710769653,false
diagnostic-artifacts/v0.3,v0.3.0-pcb2-development-diagnostic-1,dinov2_vits14_224_nn,30,translate_4_4,07d251c71f8a944a608751cd7b1c22d642d8a09915bd15d4ad1e731ee6f7e790,ok,,0.16358983516693115,0.22208529710769653,false
diagnostic-artifacts/v0.3,v0.3.0-pcb2-development-diagnostic-1,dinov2_vits14_224_nn,31,control,7f5b53b1e57dddd6258fa34df6cd79e46df7a02dcbe383b3e5f287f6f71603e1,ok,,0.18077215552330017,0.22208529710769653,false
diagnostic-artifacts/v0.3,v0.3.0-pcb2-development-diagnostic-1,dinov2_vits14_224_nn,31,brightness_085,7f5b53b1e57dddd6258fa34df6cd79e46df7a02dcbe383b3e5f287f6f71603e1,ok,,0.17190766334533691,0.22208529710769653,false
diagnostic-artifacts/v0.3,v0.3.0-pcb2-development-diagnostic-1,dinov2_vits14_224_nn,31,brightness_115,7f5b53b1e57dddd6258fa34df6cd79e46df7a02dcbe383b3e5f287f6f71603e1,ok,,0.1653273105621338,0.22208529710769653,false
diagnostic-artifacts/v0.3,v0.3.0-pcb2-development-diagnostic-1,dinov2_vits14_224_nn,31,gaussian_blur,7f5b53b1e57dddd6258fa34df6cd79e46df7a02dcbe383b3e5f287f6f71603e1,ok,,0.17979559302330017,0.22208529710769653,false
diagnostic-artifacts/v0.3,v0.3.0-pcb2-development-diagnostic-1,dinov2_vits14_224_nn,31,translate_4_4,7f5b53b1e57dddd6258fa34df6cd79e46df7a02dcbe383b3e5f287f6f71603e1,ok,,0.12982255220413208,0.22208529710769653,false
diagnostic-artifacts/v0.3,v0.3.0-pcb2-development-diagnostic-1,dinov2_vits14_224_nn,32,control,6d21a5a097eaf54c26997a79ba17a30b800d90c47344d7515877bea9924b80ea,ok,,0.19363856315612793,0.22208529710769653,false
diagnostic-artifacts/v0.3,v0.3.0-pcb2-development-diagnostic-1,dinov2_vits14_224_nn,32,brightness_085,6d21a5a097eaf54c26997a79ba17a30b800d90c47344d7515877bea9924b80ea,ok,,0.19367802143096924,0.22208529710769653,false
diagnostic-artifacts/v0.3,v0.3.0-pcb2-development-diagnostic-1,dinov2_vits14_224_nn,32,brightness_115,6d21a5a097eaf54c26997a79ba17a30b800d90c47344d7515877bea9924b80ea,ok,,0.20242244005203247,0.22208529710769653,false
diagnostic-artifacts/v0.3,v0.3.0-pcb2-development-diagnostic-1,dinov2_vits14_224_nn,32,gaussian_blur,6d21a5a097eaf54c26997a79ba17a30b800d90c47344d7515877bea9924b80ea,ok,,0.1961316466331482,0.22208529710769653,false
diagnostic-artifacts/v0.3,v0.3.0-pcb2-development-diagnostic-1,dinov2_vits14_224_nn,32,translate_4_4,6d21a5a097eaf54c26997a79ba17a30b800d90c47344d7515877bea9924b80ea,ok,,0.191997230052948,0.22208529710769653,false
diagnostic-artifacts/v0.3,v0.3.0-pcb2-development-diagnostic-1,dinov2_vits14_224_nn,33,control,a23bb6fe9a6a903bb629082833a5b77cfda08caa7af47e55c7383ed3ff11d20e,ok,,0.12505367398262024,0.22208529710769653,false
diagnostic-artifacts/v0.3,v0.3.0-pcb2-development-diagnostic-1,dinov2_vits14_224_nn,33,brightness_085,a23bb6fe9a6a903bb629082833a5b77cfda08caa7af47e55c7383ed3ff11d20e,ok,,0.12086838483810425,0.22208529710769653,false
diagnostic-artifacts/v0.3,v0.3.0-pcb2-development-diagnostic-1,dinov2_vits14_224_nn,33,brightness_115,a23bb6fe9a6a903bb629082833a5b77cfda08caa7af47e55c7383ed3ff11d20e,ok,,0.12013325095176697,0.22208529710769653,false
diagnostic-artifacts/v0.3,v0.3.0-pcb2-development-diagnostic-1,dinov2_vits14_224_nn,33,gaussian_blur,a23bb6fe9a6a903bb629082833a5b77cfda08caa7af47e55c7383ed3ff11d20e,ok,,0.12787455320358276,0.22208529710769653,false
diagnostic-artifacts/v0.3,v0.3.0-pcb2-development-diagnostic-1,dinov2_vits14_224_nn,33,translate_4_4,a23bb6fe9a6a903bb629082833a5b77cfda08caa7af47e55c7383ed3ff11d20e,ok,,0.10880205035209656,0.22208529710769653,false
diagnostic-artifacts/v0.3,v0.3.0-pcb2-development-diagnostic-1,dinov2_vits14_224_nn,34,control,f9a441ae5bf3fe3da948ef31670e5aaffbb64dc1717eaed1f2e7b9173550fe33,ok,,0.11995124816894531,0.22208529710769653,false
diagnostic-artifacts/v0.3,v0.3.0-pcb2-development-diagnostic-1,dinov2_vits14_224_nn,34,brightness_085,f9a441ae5bf3fe3da948ef31670e5aaffbb64dc1717eaed1f2e7b9173550fe33,ok,,0.11850497126579285,0.22208529710769653,false
diagnostic-artifacts/v0.3,v0.3.0-pcb2-development-diagnostic-1,dinov2_vits14_224_nn,34,brightness_115,f9a441ae5bf3fe3da948ef31670e5aaffbb64dc1717eaed1f2e7b9173550fe33,ok,,0.12328308820724487,0.22208529710769653,false
diagnostic-artifacts/v0.3,v0.3.0-pcb2-development-diagnostic-1,dinov2_vits14_224_nn,34,gaussian_blur,f9a441ae5bf3fe3da948ef31670e5aaffbb64dc1717eaed1f2e7b9173550fe33,ok,,0.12404084205627441,0.22208529710769653,false
diagnostic-artifacts/v0.3,v0.3.0-pcb2-development-diagnostic-1,dinov2_vits14_224_nn,34,translate_4_4,f9a441ae5bf3fe3da948ef31670e5aaffbb64dc1717eaed1f2e7b9173550fe33,ok,,0.14381781220436096,0.22208529710769653,false
diagnostic-artifacts/v0.3,v0.3.0-pcb2-development-diagnostic-1,dinov2_vits14_224_nn,35,control,1b99e73a031d22972ad98be088899fba7dc82845c571393f55f9c3a5a5d7bbc6,ok,,0.11599618196487427,0.22208529710769653,false
diagnostic-artifacts/v0.3,v0.3.0-pcb2-development-diagnostic-1,dinov2_vits14_224_nn,35,brightness_085,1b99e73a031d22972ad98be088899fba7dc82845c571393f55f9c3a5a5d7bbc6,ok,,0.1168457567691803,0.22208529710769653,false
diagnostic-artifacts/v0.3,v0.3.0-pcb2-development-diagnostic-1,dinov2_vits14_224_nn,35,brightness_115,1b99e73a031d22972ad98be088899fba7dc82845c571393f55f9c3a5a5d7bbc6,ok,,0.11848017573356628,0.22208529710769653,false
diagnostic-artifacts/v0.3,v0.3.0-pcb2-development-diagnostic-1,dinov2_vits14_224_nn,35,gaussian_blur,1b99e73a031d22972ad98be088899fba7dc82845c571393f55f9c3a5a5d7bbc6,ok,,0.1223064661026001,0.22208529710769653,false
diagnostic-artifacts/v0.3,v0.3.0-pcb2-development-diagnostic-1,dinov2_vits14_224_nn,35,translate_4_4,1b99e73a031d22972ad98be088899fba7dc82845c571393f55f9c3a5a5d7bbc6,ok,,0.10582911968231201,0.22208529710769653,false
diagnostic-artifacts/v0.3,v0.3.0-pcb2-development-diagnostic-1,dinov2_vits14_224_nn,36,control,af94f30394536d36f4701554f5e8de9814d3b2794907da08151a6c8502caffd5,ok,,0.20752057433128357,0.22208529710769653,false
diagnostic-artifacts/v0.3,v0.3.0-pcb2-development-diagnostic-1,dinov2_vits14_224_nn,36,brightness_085,af94f30394536d36f4701554f5e8de9814d3b2794907da08151a6c8502caffd5,ok,,0.19450098276138306,0.22208529710769653,false
diagnostic-artifacts/v0.3,v0.3.0-pcb2-development-diagnostic-1,dinov2_vits14_224_nn,36,brightness_115,af94f30394536d36f4701554f5e8de9814d3b2794907da08151a6c8502caffd5,ok,,0.21973437070846558,0.22208529710769653,false
diagnostic-artifacts/v0.3,v0.3.0-pcb2-development-diagnostic-1,dinov2_vits14_224_nn,36,gaussian_blur,af94f30394536d36f4701554f5e8de9814d3b2794907da08151a6c8502caffd5,ok,,0.1984940469264984,0.22208529710769653,false
diagnostic-artifacts/v0.3,v0.3.0-pcb2-development-diagnostic-1,dinov2_vits14_224_nn,36,translate_4_4,af94f30394536d36f4701554f5e8de9814d3b2794907da08151a6c8502caffd5,ok,,0.18306785821914673,0.22208529710769653,false
diagnostic-artifacts/v0.3,v0.3.0-pcb2-development-diagnostic-1,dinov2_vits14_224_nn,37,control,159f6a9f34cfd81f19abed77637a7215bd31f6b97b4c9ea770e8e58f8e31d28d,ok,,0.2196323573589325,0.22208529710769653,false
diagnostic-artifacts/v0.3,v0.3.0-pcb2-development-diagnostic-1,dinov2_vits14_224_nn,37,brightness_085,159f6a9f34cfd81f19abed77637a7215bd31f6b97b4c9ea770e8e58f8e31d28d,ok,,0.2085973024368286,0.22208529710769653,false
diagnostic-artifacts/v0.3,v0.3.0-pcb2-development-diagnostic-1,dinov2_vits14_224_nn,37,brightness_115,159f6a9f34cfd81f19abed77637a7215bd31f6b97b4c9ea770e8e58f8e31d28d,ok,,0.22198933362960815,0.22208529710769653,false
diagnostic-artifacts/v0.3,v0.3.0-pcb2-development-diagnostic-1,dinov2_vits14_224_nn,37,gaussian_blur,159f6a9f34cfd81f19abed77637a7215bd31f6b97b4c9ea770e8e58f8e31d28d,ok,,0.21986061334609985,0.22208529710769653,false
diagnostic-artifacts/v0.3,v0.3.0-pcb2-development-diagnostic-1,dinov2_vits14_224_nn,37,translate_4_4,159f6a9f34cfd81f19abed77637a7215bd31f6b97b4c9ea770e8e58f8e31d28d,ok,,0.2556360363960266,0.22208529710769653,true
diagnostic-artifacts/v0.3,v0.3.0-pcb2-development-diagnostic-1,dinov2_vits14_224_nn,38,control,bbb915ce5aa6bcf76ba41675032580a6930cd7034149cc18b51f179f25611766,ok,,0.26139411330223083,0.22208529710769653,true
diagnostic-artifacts/v0.3,v0.3.0-pcb2-development-diagnostic-1,dinov2_vits14_224_nn,38,brightness_085,bbb915ce5aa6bcf76ba41675032580a6930cd7034149cc18b51f179f25611766,ok,,0.26391053199768066,0.22208529710769653,true
diagnostic-artifacts/v0.3,v0.3.0-pcb2-development-diagnostic-1,dinov2_vits14_224_nn,38,brightness_115,bbb915ce5aa6bcf76ba41675032580a6930cd7034149cc18b51f179f25611766,ok,,0.25315409898757935,0.22208529710769653,true
diagnostic-artifacts/v0.3,v0.3.0-pcb2-development-diagnostic-1,dinov2_vits14_224_nn,38,gaussian_blur,bbb915ce5aa6bcf76ba41675032580a6930cd7034149cc18b51f179f25611766,ok,,0.2540808320045471,0.22208529710769653,true
diagnostic-artifacts/v0.3,v0.3.0-pcb2-development-diagnostic-1,dinov2_vits14_224_nn,38,translate_4_4,bbb915ce5aa6bcf76ba41675032580a6930cd7034149cc18b51f179f25611766,ok,,0.25663891434669495,0.22208529710769653,true
diagnostic-artifacts/v0.3,v0.3.0-pcb2-development-diagnostic-1,dinov2_vits14_224_nn,39,control,51c897657693c125706ae1479136eee409d1b96f250c4796cbdc4672583935d0,ok,,0.1634092926979065,0.22208529710769653,false
diagnostic-artifacts/v0.3,v0.3.0-pcb2-development-diagnostic-1,dinov2_vits14_224_nn,39,brightness_085,51c897657693c125706ae1479136eee409d1b96f250c4796cbdc4672583935d0,ok,,0.16945695877075195,0.22208529710769653,false
diagnostic-artifacts/v0.3,v0.3.0-pcb2-development-diagnostic-1,dinov2_vits14_224_nn,39,brightness_115,51c897657693c125706ae1479136eee409d1b96f250c4796cbdc4672583935d0,ok,,0.1667722463607788,0.22208529710769653,false
diagnostic-artifacts/v0.3,v0.3.0-pcb2-development-diagnostic-1,dinov2_vits14_224_nn,39,gaussian_blur,51c897657693c125706ae1479136eee409d1b96f250c4796cbdc4672583935d0,ok,,0.16473388671875,0.22208529710769653,false
diagnostic-artifacts/v0.3,v0.3.0-pcb2-development-diagnostic-1,dinov2_vits14_224_nn,39,translate_4_4,51c897657693c125706ae1479136eee409d1b96f250c4796cbdc4672583935d0,ok,,0.17296284437179565,0.22208529710769653,false
diagnostic-artifacts/v0.3,v0.3.0-pcb2-development-diagnostic-1,dinov2_vits14_224_nn,40,control,1547601749f5ed937972297999b3819c3de5da096085afdc644d1e7fde66a109,ok,,0.11887204647064209,0.22208529710769653,false
diagnostic-artifacts/v0.3,v0.3.0-pcb2-development-diagnostic-1,dinov2_vits14_224_nn,40,brightness_085,1547601749f5ed937972297999b3819c3de5da096085afdc644d1e7fde66a109,ok,,0.12433034181594849,0.22208529710769653,false
diagnostic-artifacts/v0.3,v0.3.0-pcb2-development-diagnostic-1,dinov2_vits14_224_nn,40,brightness_115,1547601749f5ed937972297999b3819c3de5da096085afdc644d1e7fde66a109,ok,,0.1224372386932373,0.22208529710769653,false
diagnostic-artifacts/v0.3,v0.3.0-pcb2-development-diagnostic-1,dinov2_vits14_224_nn,40,gaussian_blur,1547601749f5ed937972297999b3819c3de5da096085afdc644d1e7fde66a109,ok,,0.12186011672019958,0.22208529710769653,false
diagnostic-artifacts/v0.3,v0.3.0-pcb2-development-diagnostic-1,dinov2_vits14_224_nn,40,translate_4_4,1547601749f5ed937972297999b3819c3de5da096085afdc644d1e7fde66a109,ok,,0.11805543303489685,0.22208529710769653,false
diagnostic-artifacts/v0.3,v0.3.0-pcb2-development-diagnostic-1,dinov2_vits14_224_nn,41,control,7a7301a60f0f347307026f5ce799848989a963ba1beed4d8da2a713d45ae4847,ok,,0.17563554644584656,0.22208529710769653,false
diagnostic-artifacts/v0.3,v0.3.0-pcb2-development-diagnostic-1,dinov2_vits14_224_nn,41,brightness_085,7a7301a60f0f347307026f5ce799848989a963ba1beed4d8da2a713d45ae4847,ok,,0.18405944108963013,0.22208529710769653,false
diagnostic-artifacts/v0.3,v0.3.0-pcb2-development-diagnostic-1,dinov2_vits14_224_nn,41,brightness_115,7a7301a60f0f347307026f5ce799848989a963ba1beed4d8da2a713d45ae4847,ok,,0.17568856477737427,0.22208529710769653,false
diagnostic-artifacts/v0.3,v0.3.0-pcb2-development-diagnostic-1,dinov2_vits14_224_nn,41,gaussian_blur,7a7301a60f0f347307026f5ce799848989a963ba1beed4d8da2a713d45ae4847,ok,,0.1756296157836914,0.22208529710769653,false
diagnostic-artifacts/v0.3,v0.3.0-pcb2-development-diagnostic-1,dinov2_vits14_224_nn,41,translate_4_4,7a7301a60f0f347307026f5ce799848989a963ba1beed4d8da2a713d45ae4847,ok,,0.16157662868499756,0.22208529710769653,false
diagnostic-artifacts/v0.3,v0.3.0-pcb2-development-diagnostic-1,dinov2_vits14_224_nn,42,control,c4f7d22c09e652fcf1c78095c9018b2303ab97bfe94aa5a1c8261beaa36af1bd,ok,,0.15233421325683594,0.22208529710769653,false
diagnostic-artifacts/v0.3,v0.3.0-pcb2-development-diagnostic-1,dinov2_vits14_224_nn,42,brightness_085,c4f7d22c09e652fcf1c78095c9018b2303ab97bfe94aa5a1c8261beaa36af1bd,ok,,0.1348741054534912,0.22208529710769653,false
diagnostic-artifacts/v0.3,v0.3.0-pcb2-development-diagnostic-1,dinov2_vits14_224_nn,42,brightness_115,c4f7d22c09e652fcf1c78095c9018b2303ab97bfe94aa5a1c8261beaa36af1bd,ok,,0.17366820573806763,0.22208529710769653,false
diagnostic-artifacts/v0.3,v0.3.0-pcb2-development-diagnostic-1,dinov2_vits14_224_nn,42,gaussian_blur,c4f7d22c09e652fcf1c78095c9018b2303ab97bfe94aa5a1c8261beaa36af1bd,ok,,0.13982510566711426,0.22208529710769653,false
diagnostic-artifacts/v0.3,v0.3.0-pcb2-development-diagnostic-1,dinov2_vits14_224_nn,42,translate_4_4,c4f7d22c09e652fcf1c78095c9018b2303ab97bfe94aa5a1c8261beaa36af1bd,ok,,0.13382431864738464,0.22208529710769653,false
diagnostic-artifacts/v0.3,v0.3.0-pcb2-development-diagnostic-1,dinov2_vits14_224_nn,43,control,27dc6750b60e97ba8b54162e259ef9d1f7e45ed4bf7212193a9980f7519ed93b,ok,,0.12096530199050903,0.22208529710769653,false
diagnostic-artifacts/v0.3,v0.3.0-pcb2-development-diagnostic-1,dinov2_vits14_224_nn,43,brightness_085,27dc6750b60e97ba8b54162e259ef9d1f7e45ed4bf7212193a9980f7519ed93b,ok,,0.11697611212730408,0.22208529710769653,false
diagnostic-artifacts/v0.3,v0.3.0-pcb2-development-diagnostic-1,dinov2_vits14_224_nn,43,brightness_115,27dc6750b60e97ba8b54162e259ef9d1f7e45ed4bf7212193a9980f7519ed93b,ok,,0.12141010165214539,0.22208529710769653,false
diagnostic-artifacts/v0.3,v0.3.0-pcb2-development-diagnostic-1,dinov2_vits14_224_nn,43,gaussian_blur,27dc6750b60e97ba8b54162e259ef9d1f7e45ed4bf7212193a9980f7519ed93b,ok,,0.12263154983520508,0.22208529710769653,false
diagnostic-artifacts/v0.3,v0.3.0-pcb2-development-diagnostic-1,dinov2_vits14_224_nn,43,translate_4_4,27dc6750b60e97ba8b54162e259ef9d1f7e45ed4bf7212193a9980f7519ed93b,ok,,0.1344497799873352,0.22208529710769653,false
diagnostic-artifacts/v0.3,v0.3.0-pcb2-development-diagnostic-1,dinov2_vits14_224_nn,44,control,22dab6cfa31738421bab58e61fcb8ad9356dbb0bf5136f6f7ee5141b71f19cdd,ok,,0.11941522359848022,0.22208529710769653,false
diagnostic-artifacts/v0.3,v0.3.0-pcb2-development-diagnostic-1,dinov2_vits14_224_nn,44,brightness_085,22dab6cfa31738421bab58e61fcb8ad9356dbb0bf5136f6f7ee5141b71f19cdd,ok,,0.11932694911956787,0.22208529710769653,false
diagnostic-artifacts/v0.3,v0.3.0-pcb2-development-diagnostic-1,dinov2_vits14_224_nn,44,brightness_115,22dab6cfa31738421bab58e61fcb8ad9356dbb0bf5136f6f7ee5141b71f19cdd,ok,,0.1195758581161499,0.22208529710769653,false
diagnostic-artifacts/v0.3,v0.3.0-pcb2-development-diagnostic-1,dinov2_vits14_224_nn,44,gaussian_blur,22dab6cfa31738421bab58e61fcb8ad9356dbb0bf5136f6f7ee5141b71f19cdd,ok,,0.11992794275283813,0.22208529710769653,false
diagnostic-artifacts/v0.3,v0.3.0-pcb2-development-diagnostic-1,dinov2_vits14_224_nn,44,translate_4_4,22dab6cfa31738421bab58e61fcb8ad9356dbb0bf5136f6f7ee5141b71f19cdd,ok,,0.15998265147209167,0.22208529710769653,false
diagnostic-artifacts/v0.3,v0.3.0-pcb2-development-diagnostic-1,dinov2_vits14_224_nn,45,control,6f318124aad62c9983a0066adbdf31618dda3b6a8edfef64825cfdf1d81cd176,ok,,0.11739587783813477,0.22208529710769653,false
diagnostic-artifacts/v0.3,v0.3.0-pcb2-development-diagnostic-1,dinov2_vits14_224_nn,45,brightness_085,6f318124aad62c9983a0066adbdf31618dda3b6a8edfef64825cfdf1d81cd176,ok,,0.12651026248931885,0.22208529710769653,false
diagnostic-artifacts/v0.3,v0.3.0-pcb2-development-diagnostic-1,dinov2_vits14_224_nn,45,brightness_115,6f318124aad62c9983a0066adbdf31618dda3b6a8edfef64825cfdf1d81cd176,ok,,0.11735758185386658,0.22208529710769653,false
diagnostic-artifacts/v0.3,v0.3.0-pcb2-development-diagnostic-1,dinov2_vits14_224_nn,45,gaussian_blur,6f318124aad62c9983a0066adbdf31618dda3b6a8edfef64825cfdf1d81cd176,ok,,0.12540742754936218,0.22208529710769653,false
diagnostic-artifacts/v0.3,v0.3.0-pcb2-development-diagnostic-1,dinov2_vits14_224_nn,45,translate_4_4,6f318124aad62c9983a0066adbdf31618dda3b6a8edfef64825cfdf1d81cd176,ok,,0.1178865134716034,0.22208529710769653,false
diagnostic-artifacts/v0.3,v0.3.0-pcb2-development-diagnostic-1,dinov2_vits14_224_nn,46,control,3c921696be67bf05284352160633665895b412b3fdb1aadeaa438ff97ec41444,ok,,0.2341921329498291,0.22208529710769653,true
diagnostic-artifacts/v0.3,v0.3.0-pcb2-development-diagnostic-1,dinov2_vits14_224_nn,46,brightness_085,3c921696be67bf05284352160633665895b412b3fdb1aadeaa438ff97ec41444,ok,,0.23255157470703125,0.22208529710769653,true
diagnostic-artifacts/v0.3,v0.3.0-pcb2-development-diagnostic-1,dinov2_vits14_224_nn,46,brightness_115,3c921696be67bf05284352160633665895b412b3fdb1aadeaa438ff97ec41444,ok,,0.24123355746269226,0.22208529710769653,true
diagnostic-artifacts/v0.3,v0.3.0-pcb2-development-diagnostic-1,dinov2_vits14_224_nn,46,gaussian_blur,3c921696be67bf05284352160633665895b412b3fdb1aadeaa438ff97ec41444,ok,,0.2350149154663086,0.22208529710769653,true
diagnostic-artifacts/v0.3,v0.3.0-pcb2-development-diagnostic-1,dinov2_vits14_224_nn,46,translate_4_4,3c921696be67bf05284352160633665895b412b3fdb1aadeaa438ff97ec41444,ok,,0.2603188455104828,0.22208529710769653,true
diagnostic-artifacts/v0.3,v0.3.0-pcb2-development-diagnostic-1,dinov2_vits14_224_nn,47,control,db86126ed2c77cf41baad442a306541cccb12a9752e863d286911156d4f0eb2b,ok,,0.12624335289001465,0.22208529710769653,false
diagnostic-artifacts/v0.3,v0.3.0-pcb2-development-diagnostic-1,dinov2_vits14_224_nn,47,brightness_085,db86126ed2c77cf41baad442a306541cccb12a9752e863d286911156d4f0eb2b,ok,,0.12793827056884766,0.22208529710769653,false
diagnostic-artifacts/v0.3,v0.3.0-pcb2-development-diagnostic-1,dinov2_vits14_224_nn,47,brightness_115,db86126ed2c77cf41baad442a306541cccb12a9752e863d286911156d4f0eb2b,ok,,0.12553909420967102,0.22208529710769653,false
diagnostic-artifacts/v0.3,v0.3.0-pcb2-development-diagnostic-1,dinov2_vits14_224_nn,47,gaussian_blur,db86126ed2c77cf41baad442a306541cccb12a9752e863d286911156d4f0eb2b,ok,,0.12551552057266235,0.22208529710769653,false
diagnostic-artifacts/v0.3,v0.3.0-pcb2-development-diagnostic-1,dinov2_vits14_224_nn,47,translate_4_4,db86126ed2c77cf41baad442a306541cccb12a9752e863d286911156d4f0eb2b,ok,,0.14123833179473877,0.22208529710769653,false
diagnostic-artifacts/v0.3,v0.3.0-pcb2-development-diagnostic-1,dinov2_vits14_224_nn,48,control,db7b97138aafcd55e3c356697e921a7cc8cdc72036857f1565445e44b7b8b195,ok,,0.14385861158370972,0.22208529710769653,false
diagnostic-artifacts/v0.3,v0.3.0-pcb2-development-diagnostic-1,dinov2_vits14_224_nn,48,brightness_085,db7b97138aafcd55e3c356697e921a7cc8cdc72036857f1565445e44b7b8b195,ok,,0.14176735281944275,0.22208529710769653,false
diagnostic-artifacts/v0.3,v0.3.0-pcb2-development-diagnostic-1,dinov2_vits14_224_nn,48,brightness_115,db7b97138aafcd55e3c356697e921a7cc8cdc72036857f1565445e44b7b8b195,ok,,0.15716004371643066,0.22208529710769653,false
diagnostic-artifacts/v0.3,v0.3.0-pcb2-development-diagnostic-1,dinov2_vits14_224_nn,48,gaussian_blur,db7b97138aafcd55e3c356697e921a7cc8cdc72036857f1565445e44b7b8b195,ok,,0.14226949214935303,0.22208529710769653,false
diagnostic-artifacts/v0.3,v0.3.0-pcb2-development-diagnostic-1,dinov2_vits14_224_nn,48,translate_4_4,db7b97138aafcd55e3c356697e921a7cc8cdc72036857f1565445e44b7b8b195,ok,,0.11743801832199097,0.22208529710769653,false
diagnostic-artifacts/v0.3,v0.3.0-pcb2-development-diagnostic-1,dinov2_vits14_224_nn,49,control,1415ac2b6045b85f2bd10ac30201515cc9ad688cfa673b31fb5ee79f2abce9e1,ok,,0.12546873092651367,0.22208529710769653,false
diagnostic-artifacts/v0.3,v0.3.0-pcb2-development-diagnostic-1,dinov2_vits14_224_nn,49,brightness_085,1415ac2b6045b85f2bd10ac30201515cc9ad688cfa673b31fb5ee79f2abce9e1,ok,,0.13004761934280396,0.22208529710769653,false
diagnostic-artifacts/v0.3,v0.3.0-pcb2-development-diagnostic-1,dinov2_vits14_224_nn,49,brightness_115,1415ac2b6045b85f2bd10ac30201515cc9ad688cfa673b31fb5ee79f2abce9e1,ok,,0.12121951580047607,0.22208529710769653,false
diagnostic-artifacts/v0.3,v0.3.0-pcb2-development-diagnostic-1,dinov2_vits14_224_nn,49,gaussian_blur,1415ac2b6045b85f2bd10ac30201515cc9ad688cfa673b31fb5ee79f2abce9e1,ok,,0.12656497955322266,0.22208529710769653,false
diagnostic-artifacts/v0.3,v0.3.0-pcb2-development-diagnostic-1,dinov2_vits14_224_nn,49,translate_4_4,1415ac2b6045b85f2bd10ac30201515cc9ad688cfa673b31fb5ee79f2abce9e1,ok,,0.15263208746910095,0.22208529710769653,false
diagnostic-artifacts/v0.3,v0.3.0-pcb2-development-diagnostic-1,dinov2_vits14_224_nn,50,control,9acbb0a9ed9faa08ff52030a7abb99c4f9e3d8b29ebd9299834f5ab06404d7ef,ok,,0.16016173362731934,0.22208529710769653,false
diagnostic-artifacts/v0.3,v0.3.0-pcb2-development-diagnostic-1,dinov2_vits14_224_nn,50,brightness_085,9acbb0a9ed9faa08ff52030a7abb99c4f9e3d8b29ebd9299834f5ab06404d7ef,ok,,0.16405224800109863,0.22208529710769653,false
diagnostic-artifacts/v0.3,v0.3.0-pcb2-development-diagnostic-1,dinov2_vits14_224_nn,50,brightness_115,9acbb0a9ed9faa08ff52030a7abb99c4f9e3d8b29ebd9299834f5ab06404d7ef,ok,,0.15765917301177979,0.22208529710769653,false
diagnostic-artifacts/v0.3,v0.3.0-pcb2-development-diagnostic-1,dinov2_vits14_224_nn,50,gaussian_blur,9acbb0a9ed9faa08ff52030a7abb99c4f9e3d8b29ebd9299834f5ab06404d7ef,ok,,0.16310018301010132,0.22208529710769653,false
diagnostic-artifacts/v0.3,v0.3.0-pcb2-development-diagnostic-1,dinov2_vits14_224_nn,50,translate_4_4,9acbb0a9ed9faa08ff52030a7abb99c4f9e3d8b29ebd9299834f5ab06404d7ef,ok,,0.1762254238128662,0.22208529710769653,false
diagnostic-artifacts/v0.3,v0.3.0-pcb2-development-diagnostic-1,dinov2_vits14_224_nn,51,control,c45e7ae09a9c2e8ac6f0b7ca73b43294c2b9db6c74de659a297996e0f023d189,ok,,0.1354018747806549,0.22208529710769653,false
diagnostic-artifacts/v0.3,v0.3.0-pcb2-development-diagnostic-1,dinov2_vits14_224_nn,51,brightness_085,c45e7ae09a9c2e8ac6f0b7ca73b43294c2b9db6c74de659a297996e0f023d189,ok,,0.13839077949523926,0.22208529710769653,false
diagnostic-artifacts/v0.3,v0.3.0-pcb2-development-diagnostic-1,dinov2_vits14_224_nn,51,brightness_115,c45e7ae09a9c2e8ac6f0b7ca73b43294c2b9db6c74de659a297996e0f023d189,ok,,0.13749903440475464,0.22208529710769653,false
diagnostic-artifacts/v0.3,v0.3.0-pcb2-development-diagnostic-1,dinov2_vits14_224_nn,51,gaussian_blur,c45e7ae09a9c2e8ac6f0b7ca73b43294c2b9db6c74de659a297996e0f023d189,ok,,0.1434924602508545,0.22208529710769653,false
diagnostic-artifacts/v0.3,v0.3.0-pcb2-development-diagnostic-1,dinov2_vits14_224_nn,51,translate_4_4,c45e7ae09a9c2e8ac6f0b7ca73b43294c2b9db6c74de659a297996e0f023d189,ok,,0.15796595811843872,0.22208529710769653,false
diagnostic-artifacts/v0.3,v0.3.0-pcb2-development-diagnostic-1,dinov2_vits14_224_nn,52,control,fd8c519e378ea9f569980a6de1fa4d9f30b8e6e8187478bfb9e263ef6509205b,ok,,0.19862323999404907,0.22208529710769653,false
diagnostic-artifacts/v0.3,v0.3.0-pcb2-development-diagnostic-1,dinov2_vits14_224_nn,52,brightness_085,fd8c519e378ea9f569980a6de1fa4d9f30b8e6e8187478bfb9e263ef6509205b,ok,,0.2106705605983734,0.22208529710769653,false
diagnostic-artifacts/v0.3,v0.3.0-pcb2-development-diagnostic-1,dinov2_vits14_224_nn,52,brightness_115,fd8c519e378ea9f569980a6de1fa4d9f30b8e6e8187478bfb9e263ef6509205b,ok,,0.1807783544063568,0.22208529710769653,false
diagnostic-artifacts/v0.3,v0.3.0-pcb2-development-diagnostic-1,dinov2_vits14_224_nn,52,gaussian_blur,fd8c519e378ea9f569980a6de1fa4d9f30b8e6e8187478bfb9e263ef6509205b,ok,,0.205284982919693,0.22208529710769653,false
diagnostic-artifacts/v0.3,v0.3.0-pcb2-development-diagnostic-1,dinov2_vits14_224_nn,52,translate_4_4,fd8c519e378ea9f569980a6de1fa4d9f30b8e6e8187478bfb9e263ef6509205b,ok,,0.13996723294258118,0.22208529710769653,false
diagnostic-artifacts/v0.3,v0.3.0-pcb2-development-diagnostic-1,dinov2_vits14_224_nn,53,control,5cfb0163f2df33c05ad7c5f45a742427f6547208121da6f495e256df18b2b751,ok,,0.1675395965576172,0.22208529710769653,false
diagnostic-artifacts/v0.3,v0.3.0-pcb2-development-diagnostic-1,dinov2_vits14_224_nn,53,brightness_085,5cfb0163f2df33c05ad7c5f45a742427f6547208121da6f495e256df18b2b751,ok,,0.16591185331344604,0.22208529710769653,false
diagnostic-artifacts/v0.3,v0.3.0-pcb2-development-diagnostic-1,dinov2_vits14_224_nn,53,brightness_115,5cfb0163f2df33c05ad7c5f45a742427f6547208121da6f495e256df18b2b751,ok,,0.16615596413612366,0.22208529710769653,false
diagnostic-artifacts/v0.3,v0.3.0-pcb2-development-diagnostic-1,dinov2_vits14_224_nn,53,gaussian_blur,5cfb0163f2df33c05ad7c5f45a742427f6547208121da6f495e256df18b2b751,ok,,0.16939669847488403,0.22208529710769653,false
diagnostic-artifacts/v0.3,v0.3.0-pcb2-development-diagnostic-1,dinov2_vits14_224_nn,53,translate_4_4,5cfb0163f2df33c05ad7c5f45a742427f6547208121da6f495e256df18b2b751,ok,,0.15054434537887573,0.22208529710769653,false
diagnostic-artifacts/v0.3,v0.3.0-pcb2-development-diagnostic-1,dinov2_vits14_224_nn,54,control,0d3bb9be86246e8ebae1d7eb9a0754751e9ee36d9f1a4c805369c1403cf580ac,ok,,0.13336360454559326,0.22208529710769653,false
diagnostic-artifacts/v0.3,v0.3.0-pcb2-development-diagnostic-1,dinov2_vits14_224_nn,54,brightness_085,0d3bb9be86246e8ebae1d7eb9a0754751e9ee36d9f1a4c805369c1403cf580ac,ok,,0.13324257731437683,0.22208529710769653,false
diagnostic-artifacts/v0.3,v0.3.0-pcb2-development-diagnostic-1,dinov2_vits14_224_nn,54,brightness_115,0d3bb9be86246e8ebae1d7eb9a0754751e9ee36d9f1a4c805369c1403cf580ac,ok,,0.1388656198978424,0.22208529710769653,false
diagnostic-artifacts/v0.3,v0.3.0-pcb2-development-diagnostic-1,dinov2_vits14_224_nn,54,gaussian_blur,0d3bb9be86246e8ebae1d7eb9a0754751e9ee36d9f1a4c805369c1403cf580ac,ok,,0.13301795721054077,0.22208529710769653,false
diagnostic-artifacts/v0.3,v0.3.0-pcb2-development-diagnostic-1,dinov2_vits14_224_nn,54,translate_4_4,0d3bb9be86246e8ebae1d7eb9a0754751e9ee36d9f1a4c805369c1403cf580ac,ok,,0.11729565262794495,0.22208529710769653,false
diagnostic-artifacts/v0.3,v0.3.0-pcb2-development-diagnostic-1,dinov2_vits14_224_nn,55,control,9816d5b9e53a1489f87e28915a5d7719eebad467e6b15d7c97b0f269784ed70b,ok,,0.12082982063293457,0.22208529710769653,false
diagnostic-artifacts/v0.3,v0.3.0-pcb2-development-diagnostic-1,dinov2_vits14_224_nn,55,brightness_085,9816d5b9e53a1489f87e28915a5d7719eebad467e6b15d7c97b0f269784ed70b,ok,,0.1244170069694519,0.22208529710769653,false
diagnostic-artifacts/v0.3,v0.3.0-pcb2-development-diagnostic-1,dinov2_vits14_224_nn,55,brightness_115,9816d5b9e53a1489f87e28915a5d7719eebad467e6b15d7c97b0f269784ed70b,ok,,0.11954107880592346,0.22208529710769653,false
diagnostic-artifacts/v0.3,v0.3.0-pcb2-development-diagnostic-1,dinov2_vits14_224_nn,55,gaussian_blur,9816d5b9e53a1489f87e28915a5d7719eebad467e6b15d7c97b0f269784ed70b,ok,,0.1232159435749054,0.22208529710769653,false
diagnostic-artifacts/v0.3,v0.3.0-pcb2-development-diagnostic-1,dinov2_vits14_224_nn,55,translate_4_4,9816d5b9e53a1489f87e28915a5d7719eebad467e6b15d7c97b0f269784ed70b,ok,,0.14213326573371887,0.22208529710769653,false
diagnostic-artifacts/v0.3,v0.3.0-pcb2-development-diagnostic-1,dinov2_vits14_224_nn,56,control,94e1ce67dbc6f3c8c4d17ac3b183bf9325436e9a21537a2db0291f8f3b582071,ok,,0.15013572573661804,0.22208529710769653,false
diagnostic-artifacts/v0.3,v0.3.0-pcb2-development-diagnostic-1,dinov2_vits14_224_nn,56,brightness_085,94e1ce67dbc6f3c8c4d17ac3b183bf9325436e9a21537a2db0291f8f3b582071,ok,,0.1412716805934906,0.22208529710769653,false
diagnostic-artifacts/v0.3,v0.3.0-pcb2-development-diagnostic-1,dinov2_vits14_224_nn,56,brightness_115,94e1ce67dbc6f3c8c4d17ac3b183bf9325436e9a21537a2db0291f8f3b582071,ok,,0.15395408868789673,0.22208529710769653,false
diagnostic-artifacts/v0.3,v0.3.0-pcb2-development-diagnostic-1,dinov2_vits14_224_nn,56,gaussian_blur,94e1ce67dbc6f3c8c4d17ac3b183bf9325436e9a21537a2db0291f8f3b582071,ok,,0.14247286319732666,0.22208529710769653,false
diagnostic-artifacts/v0.3,v0.3.0-pcb2-development-diagnostic-1,dinov2_vits14_224_nn,56,translate_4_4,94e1ce67dbc6f3c8c4d17ac3b183bf9325436e9a21537a2db0291f8f3b582071,ok,,0.11847183108329773,0.22208529710769653,false
diagnostic-artifacts/v0.3,v0.3.0-pcb2-development-diagnostic-1,dinov2_vits14_224_nn,57,control,c24f2e1a211a3545a88a73387d2f0968b841530afe069e79d4c93497d143074a,ok,,0.12416321039199829,0.22208529710769653,false
diagnostic-artifacts/v0.3,v0.3.0-pcb2-development-diagnostic-1,dinov2_vits14_224_nn,57,brightness_085,c24f2e1a211a3545a88a73387d2f0968b841530afe069e79d4c93497d143074a,ok,,0.1266758143901825,0.22208529710769653,false
diagnostic-artifacts/v0.3,v0.3.0-pcb2-development-diagnostic-1,dinov2_vits14_224_nn,57,brightness_115,c24f2e1a211a3545a88a73387d2f0968b841530afe069e79d4c93497d143074a,ok,,0.132024347782135,0.22208529710769653,false
diagnostic-artifacts/v0.3,v0.3.0-pcb2-development-diagnostic-1,dinov2_vits14_224_nn,57,gaussian_blur,c24f2e1a211a3545a88a73387d2f0968b841530afe069e79d4c93497d143074a,ok,,0.1196499764919281,0.22208529710769653,false
diagnostic-artifacts/v0.3,v0.3.0-pcb2-development-diagnostic-1,dinov2_vits14_224_nn,57,translate_4_4,c24f2e1a211a3545a88a73387d2f0968b841530afe069e79d4c93497d143074a,ok,,0.1656949520111084,0.22208529710769653,false
diagnostic-artifacts/v0.3,v0.3.0-pcb2-development-diagnostic-1,dinov2_vits14_224_nn,58,control,f95ac4aca3a1136ec90d588ed390feb7a92cb2b10cca92a1363ce54c094a0039,ok,,0.13405996561050415,0.22208529710769653,false
diagnostic-artifacts/v0.3,v0.3.0-pcb2-development-diagnostic-1,dinov2_vits14_224_nn,58,brightness_085,f95ac4aca3a1136ec90d588ed390feb7a92cb2b10cca92a1363ce54c094a0039,ok,,0.13292571902275085,0.22208529710769653,false
diagnostic-artifacts/v0.3,v0.3.0-pcb2-development-diagnostic-1,dinov2_vits14_224_nn,58,brightness_115,f95ac4aca3a1136ec90d588ed390feb7a92cb2b10cca92a1363ce54c094a0039,ok,,0.13458240032196045,0.22208529710769653,false
diagnostic-artifacts/v0.3,v0.3.0-pcb2-development-diagnostic-1,dinov2_vits14_224_nn,58,gaussian_blur,f95ac4aca3a1136ec90d588ed390feb7a92cb2b10cca92a1363ce54c094a0039,ok,,0.1322416365146637,0.22208529710769653,false
diagnostic-artifacts/v0.3,v0.3.0-pcb2-development-diagnostic-1,dinov2_vits14_224_nn,58,translate_4_4,f95ac4aca3a1136ec90d588ed390feb7a92cb2b10cca92a1363ce54c094a0039,ok,,0.15032494068145752,0.22208529710769653,false
diagnostic-artifacts/v0.3,v0.3.0-pcb2-development-diagnostic-1,dinov2_vits14_224_nn,59,control,e7152e2e11bb5b68bdeaef5472d0dfba5cf4a8c19924a90a0b8a849c630223ba,ok,,0.140480637550354,0.22208529710769653,false
diagnostic-artifacts/v0.3,v0.3.0-pcb2-development-diagnostic-1,dinov2_vits14_224_nn,59,brightness_085,e7152e2e11bb5b68bdeaef5472d0dfba5cf4a8c19924a90a0b8a849c630223ba,ok,,0.14446929097175598,0.22208529710769653,false
diagnostic-artifacts/v0.3,v0.3.0-pcb2-development-diagnostic-1,dinov2_vits14_224_nn,59,brightness_115,e7152e2e11bb5b68bdeaef5472d0dfba5cf4a8c19924a90a0b8a849c630223ba,ok,,0.12820208072662354,0.22208529710769653,false
diagnostic-artifacts/v0.3,v0.3.0-pcb2-development-diagnostic-1,dinov2_vits14_224_nn,59,gaussian_blur,e7152e2e11bb5b68bdeaef5472d0dfba5cf4a8c19924a90a0b8a849c630223ba,ok,,0.13726305961608887,0.22208529710769653,false
diagnostic-artifacts/v0.3,v0.3.0-pcb2-development-diagnostic-1,dinov2_vits14_224_nn,59,translate_4_4,e7152e2e11bb5b68bdeaef5472d0dfba5cf4a8c19924a90a0b8a849c630223ba,ok,,0.12833759188652039,0.22208529710769653,false
diagnostic-artifacts/v0.3,v0.3.0-pcb2-development-diagnostic-1,dinov2_vits14_224_nn,60,control,f1136656a90609580ec23b83a107446fed396b9b1e6e5e6c8ca7e28d339687b5,ok,,0.1499961018562317,0.22208529710769653,false
diagnostic-artifacts/v0.3,v0.3.0-pcb2-development-diagnostic-1,dinov2_vits14_224_nn,60,brightness_085,f1136656a90609580ec23b83a107446fed396b9b1e6e5e6c8ca7e28d339687b5,ok,,0.14678031206130981,0.22208529710769653,false
diagnostic-artifacts/v0.3,v0.3.0-pcb2-development-diagnostic-1,dinov2_vits14_224_nn,60,brightness_115,f1136656a90609580ec23b83a107446fed396b9b1e6e5e6c8ca7e28d339687b5,ok,,0.15806114673614502,0.22208529710769653,false
diagnostic-artifacts/v0.3,v0.3.0-pcb2-development-diagnostic-1,dinov2_vits14_224_nn,60,gaussian_blur,f1136656a90609580ec23b83a107446fed396b9b1e6e5e6c8ca7e28d339687b5,ok,,0.1462073028087616,0.22208529710769653,false
diagnostic-artifacts/v0.3,v0.3.0-pcb2-development-diagnostic-1,dinov2_vits14_224_nn,60,translate_4_4,f1136656a90609580ec23b83a107446fed396b9b1e6e5e6c8ca7e28d339687b5,ok,,0.16153094172477722,0.22208529710769653,false
